0,DAEWOO,TICOMATIZLABODAMAS,"TICO - MATIZ, LABO ,  DAMAS",GASOLINA,2000-,CAPSA,10FDI,1511653
0,HONDA,FIT,FIT,GASOLINA,2000-,CAPSA,10FDI,1511653
0,MAZDA,DEMIO,DEMIO,GASOLINA,2000-,CAPSA,10FDI,1511653
0,DAEWOO,TICOMATIZLABODAMAS,"TICO - MATIZ, LABO ,  DAMAS",GASOLINA,2000+,CAPSA,10FDI,1511653
0,HONDA,FIT,FIT,GASOLINA,2000+,CAPSA,10FDI,1511653
0,MAZDA,DEMIO,DEMIO,GASOLINA,2000+,CAPSA,10FDI,1511653
0,HONDA,FIT,FIT,GASOLINA,2006+,CAPSA,10FDI,1511653
0,KIA,PICANTO,PICANTO,GASOLINA,2006+,CAPSA,10FDI,1511653
0,MAZDA,DEMIO,DEMIO,GASOLINA,2006+,CAPSA,10FDI,1511653
0,SUZUKI,MARUTIFRONTE,"MARUTI, FRONTE",GASOLINA,2000-,CAPSA,10FDI / 11TODI,1511653 / 163478X
0,SUZUKI,ALTOCELERIO,"ALTO, CELERIO",GASOLINA,2000-,CAPSA,10FDI / 11TODI,1511653 / 163478X
0,TOYOTA,YARISSTARLET,"YARIS , STARLET",GASOLINA,2000-,CAPSA,10FDI / 11TODI,1511653 / 163478X
0,SUZUKI,ALTOCELERIO,"ALTO, CELERIO",GASOLINA,2000+,CAPSA,10FDI / 11TODI,1511653 / 163478X
0,SUZUKI,ALTOCELERIO,"ALTO, CELERIO",GASOLINA,2006+,CAPSA,10FDI / 11TODI,1511653 / 163478X
0,DAIHATSU,SIRIONAPLAUSEAPLAUSEII,"SIRION - APLAUSE, APLAUSE II",GASOLINA,2000-,CAPSA,10FDI / 13TODI,1511653 / 1634771
0,DAIHATSU,CHARADEIIIIIIV,"CHARADE II,III, IV, ",GASOLINA,2000-,CAPSA,10FDI / 13TODI,1511653 / 1634771
0,DAIHATSU,COUREIIIIIIIVVVIVIIVIII,"COURE I, II,III,IV,V,VI,VII,VIII",GASOLINA,2000-,CAPSA,10FDI / 13TODI,1511653 / 1634771
0,DAIHATSU,ROCKYSIRIONM1M3FEROZA,"ROCKY ,  SIRION M1, M3,  FEROZA",GASOLINA,2000-,CAPSA,10FDI / 13TODI,1511653 / 1634771
0,DAIHATSU,TERIOS,TERIOS,GASOLINA,2000-,CAPSA,10FDI / 13TODI,1511653 / 1634771
0,MITSUBISHI,MIRAGELANCER,"MIRAGE,  LANCER",GASOLINA,2000-,CAPSA,10FDI / 13TODI,1511653 / 1634771
0,SUZUKI,APVBALENOCARRYBAN,"APV,  BALENO,  CARRY BAN,  ",GASOLINA,2000-,CAPSA,10FDI / 13TODI,1511653 / 1634771
0,SUZUKI,SX4,SX4,GASOLINA,2000-,CAPSA,10FDI / 13TODI,1511653 / 1634771
0,SUZUKI,SWIFTGRANDVITARAJIMMY,"SWIFT, GRAND VITARA,  JIMMY",GASOLINA,2000-,CAPSA,10FDI / 13TODI,1511653 / 1634771
0,SUZUKI,VITARA,VITARA,GASOLINA,2000-,CAPSA,10FDI / 13TODI,1511653 / 1634771
0,DAIHATSU,SIRIONAPLAUSEAPLAUSEII,"SIRION - APLAUSE, APLAUSE II",GASOLINA,2000+,CAPSA,10FDI / 13TODI,1511653 / 1634771
0,DAIHATSU,CHARADEIIIIIIV,"CHARADE II,III, IV, ",GASOLINA,2000+,CAPSA,10FDI / 13TODI,1511653 / 1634771
0,DAIHATSU,COUREIIIIIIIVVVIVIIVIII,"COURE I, II,III,IV,V,VI,VII,VIII",GASOLINA,2000+,CAPSA,10FDI / 13TODI,1511653 / 1634771
0,DAIHATSU,ROCKYSIRIONM1M3FEROZA,"ROCKY ,  SIRION M1, M3,  FEROZA",GASOLINA,2000+,CAPSA,10FDI / 13TODI,1511653 / 1634771
0,DAIHATSU,TERIOS,TERIOS,GASOLINA,2000+,CAPSA,10FDI / 13TODI,1511653 / 1634771
0,MITSUBISHI,MIRAGELANCER,"MIRAGE,  LANCER",GASOLINA,2000+,CAPSA,10FDI / 13TODI,1511653 / 1634771
0,SUZUKI,APVBALENOCARRYBAN,"APV,  BALENO,  CARRY BAN,  ",GASOLINA,2000+,CAPSA,10FDI / 13TODI,1511653 / 1634771
0,SUZUKI,SX4,SX4,GASOLINA,2000+,CAPSA,10FDI / 13TODI,1511653 / 1634771
0,SUZUKI,SWIFTGRANDVITARAJIMMY,"SWIFT, GRAND VITARA,  JIMMY",GASOLINA,2000+,CAPSA,10FDI / 13TODI,1511653 / 1634771
0,SUZUKI,VITARA,VITARA,GASOLINA,2000+,CAPSA,10FDI / 13TODI,1511653 / 1634771
0,DAIHATSU,SIRIONAPLAUSEAPLAUSEII,"SIRION - APLAUSE, APLAUSE II",GASOLINA,2006+,CAPSA,10FDI / 13TODI,1511653 / 1634771
0,DAIHATSU,CHARADEIIIIIIV,"CHARADE II,III, IV, ",GASOLINA,2006+,CAPSA,10FDI / 13TODI,1511653 / 1634771
0,DAIHATSU,COUREIIIIIIIVVVIVIIVIII,"COURE I, II,III,IV,V,VI,VII,VIII",GASOLINA,2006+,CAPSA,10FDI / 13TODI,1511653 / 1634771
0,DAIHATSU,ROCKYSIRIONM1M3FEROZA,"ROCKY ,  SIRION M1, M3,  FEROZA",GASOLINA,2006+,CAPSA,10FDI / 13TODI,1511653 / 1634771
0,DAIHATSU,TERIOS,TERIOS,GASOLINA,2006+,CAPSA,10FDI / 13TODI,1511653 / 1634771
0,MITSUBISHI,MIRAGELANCER,"MIRAGE,  LANCER",GASOLINA,2006+,CAPSA,10FDI / 13TODI,1511653 / 1634771
0,SUZUKI,APVBALENOCARRYBAN,"APV,  BALENO,  CARRY BAN,  ",GASOLINA,2006+,CAPSA,10FDI / 13TODI,1511653 / 1634771
0,SUZUKI,SX4,SX4,GASOLINA,2006+,CAPSA,10FDI / 13TODI,1511653 / 1634771
0,SUZUKI,SWIFTGRANDVITARAJIMMY,"SWIFT, GRAND VITARA,  JIMMY",GASOLINA,2006+,CAPSA,10FDI / 13TODI,1511653 / 1634771
0,SUZUKI,VITARA,VITARA,GASOLINA,2006+,CAPSA,10FDI / 13TODI,1511653 / 1634771
0,HONDA,ACCORD4CIL,ACCORD - 4 CIL,GASOLINA,2000-,CAPSA,1135 / 13API,1634798 / 1409611
0,HONDA,ACCORD6CIL,ACCORD - 6 CIL,GASOLINA,2000-,CAPSA,1135 / 13API,1634798 / 1409611
0,HONDA,PILOT,PILOT,GASOLINA,2000-,CAPSA,1135 / 13API,1634798 / 1409611
0,HONDA,PRELUDECRVLEGEND,"PRELUDE/CRV,  LEGEND",GASOLINA,2000-,CAPSA,1135 / 13API,1634798 / 1409611
0,HYUNDAI,ELANTRA,ELANTRA,GASOLINA,2000-,CAPSA,1135 / 13API,1634798 / 1409611
0,MITSUBISHI,COLT,COLT,GASOLINA,2000-,CAPSA,1135 / 13API,1634798 / 1409611
0,MITSUBISHI,DIAMANTEENDEAVOLEXPO,"DIAMANTE,  ENDEAVOL,  EXPO,  ",GASOLINA,2000-,CAPSA,1135 / 13API,1634798 / 1409611
0,MITSUBISHI,OUTLANDER,OUTLANDER,GASOLINA,2000-,CAPSA,1135 / 13API,1634798 / 1409611
0,NISSAN,ALTIMAALTIMA35LSTANZAVANETTE,"ALTIMA - ALTIMA 3.5L, STANZA, VANETTE",GASOLINA,2000-,CAPSA,1135 / 13API,1634798 / 1409611
0,NISSAN,MAXIMAPRIMERA,"MAXIMA, PRIMERA",GASOLINA,2000-,CAPSA,1135 / 13API,1634798 / 1409611
0,NISSAN,SENTRAL416Y20SENTRAL420L,SENTRA L4 1.6 Y 2.0 -- SENTRA L4 2.0L,GASOLINA,2000-,CAPSA,1135 / 13API,1634798 / 1409611
0,NISSAN,MURANO,MURANO,GASOLINA,2000-,CAPSA,1135 / 13API,1634798 / 1409611
0,RENAULT,DUSTER,DUSTER,GASOLINA,2000-,CAPSA,1135 / 13API,1634798 / 1409611
0,RENAULT,KOLEOS,KOLEOS,GASOLINA,2000-,CAPSA,1135 / 13API,1634798 / 1409611
0,TOYOTA,RAV4,RAV4,GASOLINA,2000-,CAPSA,1135 / 13API,1634798 / 1409611
0,TOYOTA,URBANCRUISER,URBAN CRUISER,GASOLINA,2000-,CAPSA,1135 / 13API,1634798 / 1409611
0,TOYOTA,4RUNNERPRADO,"4RUNNER, PRADO",GASOLINA,2000-,CAPSA,1135 / 13API,1634798 / 1409611
0,HONDA,ACCORD4CIL,ACCORD - 4 CIL,GASOLINA,2000+,CAPSA,1135 / 13API,1634798 / 1409611
0,HONDA,ACCORD6CIL,ACCORD - 6 CIL,GASOLINA,2000+,CAPSA,1135 / 13API,1634798 / 1409611
0,HONDA,PILOT,PILOT,GASOLINA,2000+,CAPSA,1135 / 13API,1634798 / 1409611
0,HONDA,PRELUDECRVLEGEND,"PRELUDE/CRV,  LEGEND",GASOLINA,2000+,CAPSA,1135 / 13API,1634798 / 1409611
0,HYUNDAI,ELANTRA,ELANTRA,GASOLINA,2000+,CAPSA,1135 / 13API,1634798 / 1409611
0,KIA,CERATO,CERATO,GASOLINA,2000+,CAPSA,1135 / 13API,1634798 / 1409611
0,MITSUBISHI,COLT,COLT,GASOLINA,2000+,CAPSA,1135 / 13API,1634798 / 1409611
0,MITSUBISHI,DIAMANTEENDEAVOLEXPO,"DIAMANTE,  ENDEAVOL,  EXPO,  ",GASOLINA,2000+,CAPSA,1135 / 13API,1634798 / 1409611
0,MITSUBISHI,OUTLANDER,OUTLANDER,GASOLINA,2000+,CAPSA,1135 / 13API,1634798 / 1409611
0,NISSAN,ALTIMAALTIMA35LSTANZAVANETTE,"ALTIMA - ALTIMA 3.5L, STANZA, VANETTE",GASOLINA,2000+,CAPSA,1135 / 13API,1634798 / 1409611
0,NISSAN,MAXIMAPRIMERA,"MAXIMA, PRIMERA",GASOLINA,2000+,CAPSA,1135 / 13API,1634798 / 1409611
0,NISSAN,SENTRAL416Y20SENTRAL420L,SENTRA L4 1.6 Y 2.0 -- SENTRA L4 2.0L,GASOLINA,2000+,CAPSA,1135 / 13API,1634798 / 1409611
0,NISSAN,QASHQAI,QASHQAI,GASOLINA,2000+,CAPSA,1135 / 13API,1634798 / 1409611
0,NISSAN,MURANO,MURANO,GASOLINA,2000+,CAPSA,1135 / 13API,1634798 / 1409611
0,RENAULT,DUSTER,DUSTER,GASOLINA,2000+,CAPSA,1135 / 13API,1634798 / 1409611
0,RENAULT,KOLEOS,KOLEOS,GASOLINA,2000+,CAPSA,1135 / 13API,1634798 / 1409611
0,TOYOTA,RAV4,RAV4,GASOLINA,2000+,CAPSA,1135 / 13API,1634798 / 1409611
0,TOYOTA,URBANCRUISER,URBAN CRUISER,GASOLINA,2000+,CAPSA,1135 / 13API,1634798 / 1409611
0,TOYOTA,4RUNNERPRADO,"4RUNNER, PRADO",GASOLINA,2000+,CAPSA,1135 / 13API,1634798 / 1409611
0,HONDA,ACCORD4CIL,ACCORD - 4 CIL,GASOLINA,2006+,CAPSA,1135 / 13API,1634798 / 1409611
0,HONDA,ACCORD6CIL,ACCORD - 6 CIL,GASOLINA,2006+,CAPSA,1135 / 13API,1634798 / 1409611
0,HONDA,PILOT,PILOT,GASOLINA,2006+,CAPSA,1135 / 13API,1634798 / 1409611
0,HONDA,PRELUDECRVLEGEND,"PRELUDE/CRV,  LEGEND",GASOLINA,2006+,CAPSA,1135 / 13API,1634798 / 1409611
0,HYUNDAI,ELANTRA,ELANTRA,GASOLINA,2006+,CAPSA,1135 / 13API,1634798 / 1409611
0,HYUNDAI,VERACRUZ,VERACRUZ,GASOLINA,2006+,CAPSA,1135 / 13API,1634798 / 1409611
0,KIA,SOUL,SOUL,GASOLINA,2006+,CAPSA,1135 / 13API,1634798 / 1409611
0,KIA,CERATO,CERATO,GASOLINA,2006+,CAPSA,1135 / 13API,1634798 / 1409611
0,MITSUBISHI,COLT,COLT,GASOLINA,2006+,CAPSA,1135 / 13API,1634798 / 1409611
0,MITSUBISHI,DIAMANTEENDEAVOLEXPO,"DIAMANTE,  ENDEAVOL,  EXPO,  ",GASOLINA,2006+,CAPSA,1135 / 13API,1634798 / 1409611
0,MITSUBISHI,OUTLANDER,OUTLANDER,GASOLINA,2006+,CAPSA,1135 / 13API,1634798 / 1409611
0,NISSAN,MAXIMAPRIMERA,"MAXIMA, PRIMERA",GASOLINA,2006+,CAPSA,1135 / 13API,1634798 / 1409611
0,NISSAN,SENTRAL416Y20SENTRAL420L,SENTRA L4 1.6 Y 2.0 -- SENTRA L4 2.0L,GASOLINA,2006+,CAPSA,1135 / 13API,1634798 / 1409611
0,NISSAN,QASHQAI,QASHQAI,GASOLINA,2006+,CAPSA,1135 / 13API,1634798 / 1409611
0,NISSAN,MURANO,MURANO,GASOLINA,2006+,CAPSA,1135 / 13API,1634798 / 1409611
0,RENAULT,DUSTER,DUSTER,GASOLINA,2006+,CAPSA,1135 / 13API,1634798 / 1409611
0,RENAULT,KOLEOS,KOLEOS,GASOLINA,2006+,CAPSA,1135 / 13API,1634798 / 1409611
0,TOYOTA,RAV4,RAV4,GASOLINA,2006+,CAPSA,1135 / 13API,1634798 / 1409611
0,TOYOTA,URBANCRUISER,URBAN CRUISER,GASOLINA,2006+,CAPSA,1135 / 13API,1634798 / 1409611
0,TOYOTA,4RUNNERPRADO,"4RUNNER, PRADO",GASOLINA,2006+,CAPSA,1135 / 13API,1634798 / 1409611
0,TOYOTA,URBANCRUISER,URBAN CRUISER,DIESEL,,CAPSA,1135 / 13API,1634798 / 1409611
0,KIA,RIO,RIO,GASOLINA,2000-,CAPSA,1135 / 13WI,1634798 / 140962X
0,MITSUBISHI,ECLIPSE,ECLIPSE,GASOLINA,2000-,CAPSA,1135 / 13WI,1634798 / 140962X
0,MITSUBISHI,GALANT,GALANT,GASOLINA,2000-,CAPSA,1135 / 13WI,1634798 / 140962X
0,SUBARU,OUTBACK,OUTBACK,GASOLINA,2000-,CAPSA,1135 / 13WI,1634798 / 140962X
0,SUBARU,FORESTER,FORESTER,GASOLINA,2000-,CAPSA,1135 / 13WI,1634798 / 140962X
0,SUBARU,IMPREZA,IMPREZA,GASOLINA,2000-,CAPSA,1135 / 13WI,1634798 / 140962X
0,SUBARU,JUSTY,JUSTY,GASOLINA,2000-,CAPSA,1135 / 13WI,1634798 / 140962X
0,SUBARU,LEGACY,LEGACY,GASOLINA,2000-,CAPSA,1135 / 13WI,1634798 / 140962X
0,KIA,RIO,RIO,GASOLINA,2000+,CAPSA,1135 / 13WI,1634798 / 140962X
0,MITSUBISHI,ECLIPSE,ECLIPSE,GASOLINA,2000+,CAPSA,1135 / 13WI,1634798 / 140962X
0,MITSUBISHI,GALANT,GALANT,GASOLINA,2000+,CAPSA,1135 / 13WI,1634798 / 140962X
0,SUBARU,OUTBACK,OUTBACK,GASOLINA,2000+,CAPSA,1135 / 13WI,1634798 / 140962X
0,SUBARU,FORESTER,FORESTER,GASOLINA,2000+,CAPSA,1135 / 13WI,1634798 / 140962X
0,SUBARU,IMPREZA,IMPREZA,GASOLINA,2000+,CAPSA,1135 / 13WI,1634798 / 140962X
0,SUBARU,JUSTY,JUSTY,GASOLINA,2000+,CAPSA,1135 / 13WI,1634798 / 140962X
0,SUBARU,LEGACY,LEGACY,GASOLINA,2000+,CAPSA,1135 / 13WI,1634798 / 140962X
0,KIA,RIO,RIO,GASOLINA,2006+,CAPSA,1135 / 13WI,1634798 / 140962X
0,MITSUBISHI,ECLIPSE,ECLIPSE,GASOLINA,2006+,CAPSA,1135 / 13WI,1634798 / 140962X
0,MITSUBISHI,GALANT,GALANT,GASOLINA,2006+,CAPSA,1135 / 13WI,1634798 / 140962X
0,SUBARU,OUTBACK,OUTBACK,GASOLINA,2006+,CAPSA,1135 / 13WI,1634798 / 140962X
0,SUBARU,FORESTER,FORESTER,GASOLINA,2006+,CAPSA,1135 / 13WI,1634798 / 140962X
0,SUBARU,IMPREZA,IMPREZA,GASOLINA,2006+,CAPSA,1135 / 13WI,1634798 / 140962X
0,SUBARU,JUSTY,JUSTY,GASOLINA,2006+,CAPSA,1135 / 13WI,1634798 / 140962X
0,SUBARU,LEGACY,LEGACY,GASOLINA,2006+,CAPSA,1135 / 13WI,1634798 / 140962X
0,CHEVROLET,LUVPICKUP,LUV-PICK UP,GASOLINA,2000-,CAPSA,11AP / 13AP,1888234 / 1497561
0,NISSAN,FIERA,FIERA,GASOLINA,2000-,CAPSA,11AP / 13AP,1888234 / 1497561
0,CHEVROLET,LUVPICKUP,LUV-PICK UP,GASOLINA,2000+,CAPSA,11AP / 13AP,1888234 / 1497561
0,NISSAN,FIERA,FIERA,GASOLINA,2000+,CAPSA,11AP / 13AP,1888234 / 1497561
0,TOYOTA,COROLLACORONASPYDER,"COROLLA, CORONA, SPYDER",GASOLINA,2000-,CAPSA,11TODI / 13API,163478X / 1409611
0,TOYOTA,COROLLACORONASPYDER,"COROLLA, CORONA, SPYDER",GASOLINA,2000+,CAPSA,11TODI / 13API,163478X / 1409611
0,SUZUKI,AEREO,AEREO,GASOLINA,2000-,CAPSA,11TODI / 13TODI,163478X / 1634771
0,TOYOTA,CAVALIERTERCEL,"CAVALIER, , TERCEL, ",GASOLINA,2000-,CAPSA,11TODI / 13TODI,163478X / 1634771
0,SUZUKI,AEREO,AEREO,GASOLINA,2000+,CAPSA,11TODI / 13TODI,163478X / 1634771
0,TOYOTA,VITZPROBOX,"VITZ, PROBOX",GASOLINA,2000+,CAPSA,11TODI / 13TODI,163478X / 1634771
0,SUZUKI,AEREO,AEREO,GASOLINA,2006+,CAPSA,11TODI / 13TODI,163478X / 1634771
0,TOYOTA,VITZPROBOX,"VITZ, PROBOX",GASOLINA,2006+,CAPSA,11TODI / 13TODI,163478X / 1634771
0,NISSAN,ADWAGONALMERAALMERAQ616SUNNY,"AD WAGON,ALMERA,ALMERA Q616,SUNNY",GASOLINA,2000-,CAPSA,11TOI / 13API,149760X / 1409611
0,NISSAN,ADWAGONALMERAALMERAQ616SUNNY,"AD WAGON,ALMERA,ALMERA Q616,SUNNY",GASOLINA,2000+,CAPSA,11TOI / 13API,149760X / 1409611
0,NISSAN,ADWAGONALMERAALMERAQ616SUNNY,"AD WAGON,ALMERA,ALMERA Q616,SUNNY",GASOLINA,2006+,CAPSA,11TOI / 13API,149760X / 1409611
0,DAIHATSU,GRANMOVEG3,GRAN MOVE G3,GASOLINA,2000-,CAPSA,11TOI / 13TOI,149760X / 1635220
0,FAW,F1,F1,GASOLINA,2000-,CAPSA,11TOI / 13TOI,149760X / 1635220
0,FAW,F4F5,"F4,  F5",GASOLINA,2000-,CAPSA,11TOI / 13TOI,149760X / 1635220
0,GREAT WALL,FLORID,FLORID,GASOLINA,2000-,CAPSA,11TOI / 13TOI,149760X / 1635220
0,HONDA,CIVIC,CIVIC,GASOLINA,2000-,CAPSA,11TOI / 13TOI,149760X / 1635220
0,HONDA,CRVRVI,CR-V   - RVI,GASOLINA,2000-,CAPSA,11TOI / 13TOI,149760X / 1635220
0,HONDA,TORNEO,TORNEO,GASOLINA,2000-,CAPSA,11TOI / 13TOI,149760X / 1635220
0,MAZDA,MX5,MX-5,GASOLINA,2000-,CAPSA,11TOI / 13TOI,149760X / 1635220
0,NISSAN,BLUEBIRD,BLUEBIRD,GASOLINA,2000-,CAPSA,11TOI / 13TOI,149760X / 1635220
0,TOYOTA,CALDINA,CALDINA,GASOLINA,2000-,CAPSA,11TOI / 13TOI,149760X / 1635220
0,DAIHATSU,GRANMOVEG3,GRAN MOVE G3,GASOLINA,2000+,CAPSA,11TOI / 13TOI,149760X / 1635220
0,FAW,F1,F1,GASOLINA,2000+,CAPSA,11TOI / 13TOI,149760X / 1635220
0,HONDA,CIVIC,CIVIC,GASOLINA,2000+,CAPSA,11TOI / 13TOI,149760X / 1635220
0,HONDA,CRVRVI,CR-V   - RVI,GASOLINA,2000+,CAPSA,11TOI / 13TOI,149760X / 1635220
0,HONDA,TORNEO,TORNEO,GASOLINA,2000+,CAPSA,11TOI / 13TOI,149760X / 1635220
0,MAZDA,MX5,MX-5,GASOLINA,2000+,CAPSA,11TOI / 13TOI,149760X / 1635220
0,NISSAN,BLUEBIRD,BLUEBIRD,GASOLINA,2000+,CAPSA,11TOI / 13TOI,149760X / 1635220
0,NISSAN,MARCH,MARCH,GASOLINA,2000+,CAPSA,11TOI / 13TOI,149760X / 1635220
0,TOYOTA,YARISSTARLET,"YARIS , STARLET",GASOLINA,2000+,CAPSA,11TOI / 13TOI,149760X / 1635220
0,TOYOTA,CALDINA,CALDINA,GASOLINA ,2000+,CAPSA,11TOI / 13TOI,149760X / 1635220
0,CHEVROLET,SAILSONIC,"SAIL, SONIC",GASOLINA,2006+,CAPSA,11TOI / 13TOI,149760X / 1635220
0,DAIHATSU,GRANMOVEG3,GRAN MOVE G3,GASOLINA,2006+,CAPSA,11TOI / 13TOI,149760X / 1635220
0,FAW,F1,F1,GASOLINA,2006+,CAPSA,11TOI / 13TOI,149760X / 1635220
0,HONDA,CIVIC,CIVIC,GASOLINA,2006+,CAPSA,11TOI / 13TOI,149760X / 1635220
0,HONDA,CRVRVI,CR-V   - RVI,GASOLINA,2006+,CAPSA,11TOI / 13TOI,149760X / 1635220
0,HONDA,TORNEO,TORNEO,GASOLINA,2006+,CAPSA,11TOI / 13TOI,149760X / 1635220
0,MAZDA,MX5,MX-5,GASOLINA,2006+,CAPSA,11TOI / 13TOI,149760X / 1635220
0,NISSAN,BLUEBIRD,BLUEBIRD,GASOLINA,2006+,CAPSA,11TOI / 13TOI,149760X / 1635220
0,NISSAN,MARCH,MARCH,GASOLINA,2006+,CAPSA,11TOI / 13TOI,149760X / 1635220
0,TOYOTA,AURIS,AURIS,GASOLINA,2006+,CAPSA,11TOI / 13TOI,149760X / 1635220
0,TOYOTA,CALDINA,CALDINA,GASOLINA ,2006+,CAPSA,11TOI / 13TOI,149760X / 1635220
0,TOYOTA,YARISSTARLET,"YARIS , STARLET",,2006+,CAPSA,11TOI / 13TOI,149760X / 1635220
0,NISSAN,PULSARSILVIAALMERA," PULSAR, SILVIA, ALMERA",GASOLINA,2000-,CAPSA,11TOI / 13WI,149760X / 140962X
0,NISSAN,PULSARSILVIAALMERA," PULSAR, SILVIA, ALMERA",GASOLINA,2000+,CAPSA,11TOI / 13WI,149760X / 140962X
0,CHEVROLET,CHEVETTE,CHEVETTE ,GASOLINA,2000-,CAPSA,11WI / 13WI,1409603 / 140962X
0,CHEVROLET,CORSAASTRA18,CORSA - ASTRA 18,GASOLINA,2000-,CAPSA,11WI / 13WI,1409603 / 140962X
0,CITROEN,AMI8,AMI 8,GASOLINA,2000-,CAPSA,11WI / 13WI,1409603 / 140962X
0,CITROEN,AXALLURE,AX ALLURE,GASOLINA,2000-,CAPSA,11WI / 13WI,1409603 / 140962X
0,DAEWOO,CIELO,CIELO,GASOLINA,2000-,CAPSA,11WI / 13WI,1409603 / 140962X
0,DAEWOO,RACER,RACER,GASOLINA,2000-,CAPSA,11WI / 13WI,1409603 / 140962X
0,DAEWOO,RACERETI,RACER ETI,GASOLINA,2000-,CAPSA,11WI / 13WI,1409603 / 140962X
0,FIAT,ALBEABRAVOIDEAADVENTURE,"ALBEA, BRAVO, IDEA, ADVENTURE",GASOLINA,2000-,CAPSA,11WI / 13WI,1409603 / 140962X
0,FIAT,PANADAYSTILO,"PANADA, Y STILO",GASOLINA,2000-,CAPSA,11WI / 13WI,1409603 / 140962X
0,FIAT,UNOMILLE70S1300128SANREMO1300,"UNO, MILLE, 70S, 1300, 128 SAN REMO, 1300, ",GASOLINA,2000-,CAPSA,11WI / 13WI,1409603 / 140962X
0,FORD,ECOSPORT,ECOSPORT,GASOLINA,2000-,CAPSA,11WI / 13WI,1409603 / 140962X
0,FORD,ESCORT,ESCORT,GASOLINA,2000-,CAPSA,11WI / 13WI,1409603 / 140962X
0,FORD,FESTIVAFIESTAKAGRADADAORION,"FESTIVA, FIESTA, KA,  GRADADA, ORION",GASOLINA,2000-,CAPSA,11WI / 13WI,1409603 / 140962X
0,HONDA,INTEGRA,INTEGRA,GASOLINA,2000-,CAPSA,11WI / 13WI,1409603 / 140962X
0,HYUNDAI,SCOUPE,SCOUPE,GASOLINA,2000-,CAPSA,11WI / 13WI,1409603 / 140962X
0,HYUNDAI,EXCELL,EXCELL,GASOLINA,2000-,CAPSA,11WI / 13WI,1409603 / 140962X
0,JEEP,LIBERTY,LIBERTY,GASOLINA,2000-,CAPSA,11WI / 13WI,1409603 / 140962X
0,KIA,SEPHIACLARUS,SEPHIA/CLARUS,GASOLINA,2000-,CAPSA,11WI / 13WI,1409603 / 140962X
0,KIA,CAPITALPRIDE,CAPITAL - PRIDE,GASOLINA,2000-,CAPSA,11WI / 13WI,1409603 / 140962X
0,LADA,NIVA,NIVA,GASOLINA,2000-,CAPSA,11WI / 13WI,1409603 / 140962X
0,LADA,SAMARA,SAMARA,GASOLINA,2000-,CAPSA,11WI / 13WI,1409603 / 140962X
0,MAZDA,3,3,GASOLINA,2000-,CAPSA,11WI / 13WI,1409603 / 140962X
0,MAZDA,323,323,GASOLINA,2000-,CAPSA,11WI / 13WI,1409603 / 140962X
0,MAZDA,626,626,GASOLINA,2000-,CAPSA,11WI / 13WI,1409603 / 140962X
0,MAZDA,5CX7RX8,"5,  CX-7,  RX-8",GASOLINA,2000-,CAPSA,11WI / 13WI,1409603 / 140962X
0,MAZDA,6B2900B2500,"6,  B2900, B2500",GASOLINA,2000-,CAPSA,11WI / 13WI,1409603 / 140962X
0,MAZDA,ASAHIIB1600MX6,"ASAHI - IB1600,  MX-6",GASOLINA,2000-,CAPSA,11WI / 13WI,1409603 / 140962X
0,RENAULT,CLIO,CLIO,GASOLINA,2000-,CAPSA,11WI / 13WI,1409603 / 140962X
0,CHEVROLET,CHEVETTE,CHEVETTE ,GASOLINA,2000+,CAPSA,11WI / 13WI,1409603 / 140962X
0,CHEVROLET,CORSAASTRA18,CORSA - ASTRA 18,GASOLINA,2000+,CAPSA,11WI / 13WI,1409603 / 140962X
0,CHEVROLET,CHEVI,CHEVI ,GASOLINA,2000+,CAPSA,11WI / 13WI,1409603 / 140962X
0,CITROEN,AMI8,AMI 8,GASOLINA,2000+,CAPSA,11WI / 13WI,1409603 / 140962X
0,CITROEN,AXALLURE,AX ALLURE,GASOLINA,2000+,CAPSA,11WI / 13WI,1409603 / 140962X
0,DAEWOO,CIELO,CIELO,GASOLINA,2000+,CAPSA,11WI / 13WI,1409603 / 140962X
0,DAEWOO,RACER,RACER,GASOLINA,2000+,CAPSA,11WI / 13WI,1409603 / 140962X
0,DAEWOO,RACERETI,RACER ETI,GASOLINA,2000+,CAPSA,11WI / 13WI,1409603 / 140962X
0,FIAT,ALBEABRAVOIDEAADVENTURE,"ALBEA, BRAVO, IDEA, ADVENTURE",GASOLINA,2000+,CAPSA,11WI / 13WI,1409603 / 140962X
0,FIAT,PANADAYSTILO,"PANADA, Y STILO",GASOLINA,2000+,CAPSA,11WI / 13WI,1409603 / 140962X
0,FIAT,UNOMILLE70S1300128SANREMO1300,"UNO, MILLE, 70S, 1300, 128 SAN REMO, 1300, ",GASOLINA,2000+,CAPSA,11WI / 13WI,1409603 / 140962X
0,FORD,ECOSPORT,ECOSPORT,GASOLINA,2000+,CAPSA,11WI / 13WI,1409603 / 140962X
0,FORD,ESCORT,ESCORT,GASOLINA,2000+,CAPSA,11WI / 13WI,1409603 / 140962X
0,FORD,FESTIVAFIESTAKAGRADADAORION,"FESTIVA, FIESTA, KA,  GRADADA, ORION",GASOLINA,2000+,CAPSA,11WI / 13WI,1409603 / 140962X
0,HONDA,INTEGRA,INTEGRA,GASOLINA,2000+,CAPSA,11WI / 13WI,1409603 / 140962X
0,HYUNDAI,SCOUPE,SCOUPE,GASOLINA,2000+,CAPSA,11WI / 13WI,1409603 / 140962X
0,HYUNDAI,EXCELL,EXCELL,GASOLINA,2000+,CAPSA,11WI / 13WI,1409603 / 140962X
0,JEEP,LIBERTY,LIBERTY,GASOLINA,2000+,CAPSA,11WI / 13WI,1409603 / 140962X
0,KIA,SEPHIACLARUS,SEPHIA/CLARUS,GASOLINA,2000+,CAPSA,11WI / 13WI,1409603 / 140962X
0,KIA,CAPITALPRIDE,CAPITAL - PRIDE,GASOLINA,2000+,CAPSA,11WI / 13WI,1409603 / 140962X
0,LADA,NIVA,NIVA,GASOLINA,2000+,CAPSA,11WI / 13WI,1409603 / 140962X
0,LADA,SAMARA,SAMARA,GASOLINA,2000+,CAPSA,11WI / 13WI,1409603 / 140962X
0,MAZDA,3,3,GASOLINA,2000+,CAPSA,11WI / 13WI,1409603 / 140962X
0,MAZDA,323,323,GASOLINA,2000+,CAPSA,11WI / 13WI,1409603 / 140962X
0,MAZDA,626,626,GASOLINA,2000+,CAPSA,11WI / 13WI,1409603 / 140962X
0,MAZDA,5CX7RX8,"5,  CX-7,  RX-8",GASOLINA,2000+,CAPSA,11WI / 13WI,1409603 / 140962X
0,MAZDA,6B2900B2500,"6,  B2900, B2500",GASOLINA,2000+,CAPSA,11WI / 13WI,1409603 / 140962X
0,RENAULT,CLIO,CLIO,GASOLINA,2000+,CAPSA,11WI / 13WI,1409603 / 140962X
0,DAEWOO,CIELO,CIELO,GASOINA,2006+,CAPSA,11WI / 13WI,1409603 / 140962X
0,CHEVROLET,CHEVETTE,CHEVETTE ,GASOLINA,2006+,CAPSA,11WI / 13WI,1409603 / 140962X
0,CHEVROLET,CHEVI,CHEVI ,GASOLINA,2006+,CAPSA,11WI / 13WI,1409603 / 140962X
0,CITROEN,AMI8,AMI 8,GASOLINA,2006+,CAPSA,11WI / 13WI,1409603 / 140962X
0,CITROEN,AXALLURE,AX ALLURE,GASOLINA,2006+,CAPSA,11WI / 13WI,1409603 / 140962X
0,FIAT,ALBEABRAVOIDEAADVENTURE,"ALBEA, BRAVO, IDEA, ADVENTURE",GASOLINA,2006+,CAPSA,11WI / 13WI,1409603 / 140962X
0,FIAT,PANADAYSTILO,"PANADA, Y STILO",GASOLINA,2006+,CAPSA,11WI / 13WI,1409603 / 140962X
0,FIAT,UNOMILLE70S1300128SANREMO1300,"UNO, MILLE, 70S, 1300, 128 SAN REMO, 1300, ",GASOLINA,2006+,CAPSA,11WI / 13WI,1409603 / 140962X
0,FORD,ECOSPORT,ECOSPORT,GASOLINA,2006+,CAPSA,11WI / 13WI,1409603 / 140962X
0,FORD,ESCORT,ESCORT,GASOLINA,2006+,CAPSA,11WI / 13WI,1409603 / 140962X
0,FORD,FESTIVAFIESTAKAGRADADAORION,"FESTIVA, FIESTA, KA,  GRADADA, ORION",GASOLINA,2006+,CAPSA,11WI / 13WI,1409603 / 140962X
0,HONDA,INTEGRA,INTEGRA,GASOLINA,2006+,CAPSA,11WI / 13WI,1409603 / 140962X
0,HYUNDAI,SCOUPE,SCOUPE,GASOLINA,2006+,CAPSA,11WI / 13WI,1409603 / 140962X
0,JEEP,LIBERTY,LIBERTY,GASOLINA,2006+,CAPSA,11WI / 13WI,1409603 / 140962X
0,KIA,SEPHIACLARUS,SEPHIA/CLARUS,GASOLINA,2006+,CAPSA,11WI / 13WI,1409603 / 140962X
0,KIA,CAPITALPRIDE,CAPITAL - PRIDE,GASOLINA,2006+,CAPSA,11WI / 13WI,1409603 / 140962X
0,LADA,NIVA,NIVA,GASOLINA,2006+,CAPSA,11WI / 13WI,1409603 / 140962X
0,LADA,SAMARA,SAMARA,GASOLINA,2006+,CAPSA,11WI / 13WI,1409603 / 140962X
0,MAZDA,3,3,GASOLINA,2006+,CAPSA,11WI / 13WI,1409603 / 140962X
0,MAZDA,323,323,GASOLINA,2006+,CAPSA,11WI / 13WI,1409603 / 140962X
0,MAZDA,626,626,GASOLINA,2006+,CAPSA,11WI / 13WI,1409603 / 140962X
0,MAZDA,5CX7RX8,"5,  CX-7,  RX-8",GASOLINA,2006+,CAPSA,11WI / 13WI,1409603 / 140962X
0,MAZDA,6B2900B2500,"6,  B2900, B2500",GASOLINA,2006+,CAPSA,11WI / 13WI,1409603 / 140962X
0,RENAULT,CLIO,CLIO,GASOLINA,2006+,CAPSA,11WI / 13WI,1409603 / 140962X
0,HYUNDAI,GRACE,GRACE,GASOLINA,2000-,CAPSA,13AP,1497561
0,HYUNDAI,H1,"H1,",GASOLINA,2000-,CAPSA,13AP,1497561
0,KIA,CARENSCARNIVALK2700,CARENS - CARNIVAL - K2700,GASOLINA,2000-,CAPSA,13AP,1497561
0,KIA,PREGIO,PREGIO,GASOLINA,2000-,CAPSA,13AP,1497561
0,TOYOTA,LANDCRUISER,LAND CRUISER,GASOLINA,2000-,CAPSA,13AP,1497561
0,KIA,CARENSCARNIVALK2700,CARENS - CARNIVAL - K2700,GASOLINA,2000+,CAPSA,13AP,1497561
0,KIA,PREGIO,PREGIO,GASOLINA,2000+,CAPSA,13AP,1497561
0,TOYOTA,LANDCRUISER,LAND CRUISER,GASOLINA,2000+,CAPSA,13AP,1497561
0,KIA,CARENSCARNIVALK2700,CARENS - CARNIVAL - K2700,GASOLINA,2006+,CAPSA,13AP,1497561
0,KIA,PREGIO,PREGIO,GASOLINA,2006+,CAPSA,13AP,1497561
0,TOYOTA,LANDCRUISER,LAND CRUISER,GASOLINA,2006+,CAPSA,13AP,1497561
0,HYUNDAI,GRACEVANDLX7GS,GRACE VAN DLX7GS,GASOLINA,,CAPSA,13AP,1497561
0,HYUNDAI,H1,"H1,",GASOLINA,,CAPSA,13AP,1497561
0,GREAT WALL,HAVAL,HAVAL,GASOLINA,2000-,CAPSA,13AP  ,1497561
0,GREAT WALL,VOLEEXC10,VOLEEX C10,GASOLINA,2000-,CAPSA,13AP  ,1497561
0,GREAT WALL,VOLEEXC30,VOLEEX C30,GASOLINA,2000-,CAPSA,13AP  ,1497561
0,FORD,FIESTAFESTIVA,"FIESTA, FESTIVA,",DIESEL,2000-,CAPSA,13AP / 15APCG,1497561 / 1497588
0,FORD,CONTOURMONDEO,CONTOUR/MONDEO,DIESEL,2000-,CAPSA,13AP / 15APCG,1497561 / 1497588
0,ISUZU,AMIGOAXIOMFARGO,"AMIGO,  AXIOM,  FARGO",DIESEL,2000-,CAPSA,13AP / 15APCG,1497561 / 1497588
0,ISUZU,GEMINI,GEMINI,DIESEL,2000-,CAPSA,13AP / 15APCG,1497561 / 1497588
0,ISUZU,IMPULSE,IMPULSE,DIESEL,2000-,CAPSA,13AP / 15APCG,1497561 / 1497588
0,ISUZU,JOURNEY,JOURNEY,DIESEL,2000-,CAPSA,13AP / 15APCG,1497561 / 1497588
0,ISUZU,OASIS,OASIS,DIESEL,2000-,CAPSA,13AP / 15APCG,1497561 / 1497588
0,ISUZU,RODEO,RODEO,DIESEL,2000-,CAPSA,13AP / 15APCG,1497561 / 1497588
0,ISUZU,TROPER,TROPER,DIESEL,2000-,CAPSA,13AP / 15APCG,1497561 / 1497588
0,LADA,NIVADIESEL,NIVA DIESEL,DIESEL,2000-,CAPSA,13AP / 15APCG,1497561 / 1497588
0,FORD,F15025035080080006000D500LTI9000,"F150,250,350,800, 8000, 6000, D500,LTI9000",GASOLINA,2000-,CAPSA,13AP / 15APCG,1497561 / 1497588
0,Land-Rover,DEFENDER110,DEFENDER 110,GASOLINA,2000-,CAPSA,13AP / 15APCG,1497561 / 1497588
0,Land-Rover,DEFENDER90,DEFENDER 90,GASOLINA,2000-,CAPSA,13AP / 15APCG,1497561 / 1497588
0,Land-Rover,DISCOVERYHSESSDYSE7,"DISCO VERY (HSE, S, SD, Y SE7)",GASOLINA,2000-,CAPSA,13AP / 15APCG,1497561 / 1497588
0,Land-Rover,DISCOVERYDISCOVERYLSDISCOVERYXS,"DISCOVERY,  DISCOVERY LS,  DISCOVERY XS",GASOLINA,2000-,CAPSA,13AP / 15APCG,1497561 / 1497588
0,FORD,CONTOURMONDEO,CONTOUR/MONDEO,DIESEL,2000+,CAPSA,13AP / 15APCG,1497561 / 1497588
0,ISUZU,AMIGOAXIOMFARGO,"AMIGO,  AXIOM,  FARGO",DIESEL,2000+,CAPSA,13AP / 15APCG,1497561 / 1497588
0,ISUZU,GEMINI,GEMINI,DIESEL,2000+,CAPSA,13AP / 15APCG,1497561 / 1497588
0,ISUZU,IMPULSE,IMPULSE,DIESEL,2000+,CAPSA,13AP / 15APCG,1497561 / 1497588
0,ISUZU,JOURNEY,JOURNEY,DIESEL,2000+,CAPSA,13AP / 15APCG,1497561 / 1497588
0,ISUZU,OASIS,OASIS,DIESEL,2000+,CAPSA,13AP / 15APCG,1497561 / 1497588
0,ISUZU,RODEO,RODEO,DIESEL,2000+,CAPSA,13AP / 15APCG,1497561 / 1497588
0,ISUZU,TROPER,TROPER,DIESEL,2000+,CAPSA,13AP / 15APCG,1497561 / 1497588
0,LADA,NIVADIESEL,NIVA DIESEL,DIESEL,2000+,CAPSA,13AP / 15APCG,1497561 / 1497588
0,FORD,F15025035080080006000D500LTI9000,"F150,250,350,800, 8000, 6000, D500,LTI9000",GASOLINA,2000+,CAPSA,13AP / 15APCG,1497561 / 1497588
0,Land-Rover,DEFENDER110,DEFENDER 110,GASOLINA,2000+,CAPSA,13AP / 15APCG,1497561 / 1497588
0,Land-Rover,DEFENDER90,DEFENDER 90,GASOLINA,2000+,CAPSA,13AP / 15APCG,1497561 / 1497588
0,Land-Rover,DISCOVERYHSESSDYSE7,"DISCO VERY (HSE, S, SD, Y SE7)",GASOLINA,2000+,CAPSA,13AP / 15APCG,1497561 / 1497588
0,Land-Rover,DISCOVERYDISCOVERYLSDISCOVERYXS,"DISCOVERY,  DISCOVERY LS,  DISCOVERY XS",GASOLINA,2000+,CAPSA,13AP / 15APCG,1497561 / 1497588
0,FORD,CONTOURMONDEO,CONTOUR/MONDEO,DIESEL,2006+,CAPSA,13AP / 15APCG,1497561 / 1497588
0,ISUZU,AMIGOAXIOMFARGO,"AMIGO,  AXIOM,  FARGO",DIESEL,2006+,CAPSA,13AP / 15APCG,1497561 / 1497588
0,ISUZU,GEMINI,GEMINI,DIESEL,2006+,CAPSA,13AP / 15APCG,1497561 / 1497588
0,ISUZU,IMPULSE,IMPULSE,DIESEL,2006+,CAPSA,13AP / 15APCG,1497561 / 1497588
0,ISUZU,JOURNEY,JOURNEY,DIESEL,2006+,CAPSA,13AP / 15APCG,1497561 / 1497588
0,ISUZU,OASIS,OASIS,DIESEL,2006+,CAPSA,13AP / 15APCG,1497561 / 1497588
0,ISUZU,RODEO,RODEO,DIESEL,2006+,CAPSA,13AP / 15APCG,1497561 / 1497588
0,ISUZU,TROPER,TROPER,DIESEL,2006+,CAPSA,13AP / 15APCG,1497561 / 1497588
0,LADA,NIVADIESEL,NIVA DIESEL,DIESEL,2006+,CAPSA,13AP / 15APCG,1497561 / 1497588
0,FORD,F15025035080080006000D500LTI9000,"F150,250,350,800, 8000, 6000, D500,LTI9000",GASOLINA,2006+,CAPSA,13AP / 15APCG,1497561 / 1497588
0,Land-Rover,DEFENDER110,DEFENDER 110,GASOLINA,2006+,CAPSA,13AP / 15APCG,1497561 / 1497588
0,Land-Rover,DEFENDER90,DEFENDER 90,GASOLINA,2006+,CAPSA,13AP / 15APCG,1497561 / 1497588
0,Land-Rover,DISCOVERYHSESSDYSE7,"DISCO VERY (HSE, S, SD, Y SE7)",GASOLINA,2006+,CAPSA,13AP / 15APCG,1497561 / 1497588
0,Land-Rover,DISCOVERYDISCOVERYLSDISCOVERYXS,"DISCOVERY,  DISCOVERY LS,  DISCOVERY XS",GASOLINA,2006+,CAPSA,13AP / 15APCG,1497561 / 1497588
0,FORD,FIESTAFESTIVA,"FIESTA, FESTIVA,",DIESEL,,CAPSA,13AP / 15APCG,1497561 / 1497588
0,NISSAN,MAXIMA,"MAXIMA, ",DIESEL,2000-,CAPSA,13API,1409611
0,DAIHATSU,DELTACHASIS2TV57,DELTA CHASIS 2T - V57,GASOLINA,2000-,CAPSA,13API,1409611
0,DAIHATSU,DELTAV116,DELTAV 116,GASOLINA,2000-,CAPSA,13API,1409611
0,DAIHATSU,DELTACHASISV118CAM,DELTA CHASIS V118 CAM,GASOLINA,2000-,CAPSA,13API,1409611
0,MAZDA,CX9RX7,"CX-9, RX-7",GASOLINA,2000-,CAPSA,13API,1409611
0,SUZUKI,GRANNOMADE,GRAN NOMADE,GASOLINA,2000-,CAPSA,13API,1409611
0,NISSAN,MAXIMA,"MAXIMA, ",DIESEL,2000+,CAPSA,13API,1409611
0,CHEVROLET,CAPTIVA,CAPTIVA,GASOLINA,2000+,CAPSA,13API,1409611
0,DAIHATSU,DELTACHASIS2TV57,DELTA CHASIS 2T - V57,GASOLINA,2000+,CAPSA,13API,1409611
0,DAIHATSU,DELTAV116,DELTAV 116,GASOLINA,2000+,CAPSA,13API,1409611
0,DAIHATSU,DELTACHASISV118CAM,DELTA CHASIS V118 CAM,GASOLINA,2000+,CAPSA,13API,1409611
0,MAZDA,CX9RX7,"CX-9, RX-7",GASOLINA,2000+,CAPSA,13API,1409611
0,SUZUKI,GRANNOMADE,GRAN NOMADE,GASOLINA,2000+,CAPSA,13API,1409611
0,CHEVROLET,CAPTIVA,CAPTIVA,GASOLINA,2006+,CAPSA,13API,1409611
0,DAIHATSU,DELTACHASIS2TV57,DELTA CHASIS 2T - V57,GASOLINA,2006+,CAPSA,13API,1409611
0,DAIHATSU,DELTAV116,DELTAV 116,GASOLINA,2006+,CAPSA,13API,1409611
0,DAIHATSU,DELTACHASISV118CAM,DELTA CHASIS V118 CAM,GASOLINA,2006+,CAPSA,13API,1409611
0,MAZDA,CX9RX7,"CX-9, RX-7",GASOLINA,2006+,CAPSA,13API,1409611
0,NISSAN,VERSA,VERSA,GASOLINA,2006+,CAPSA,13API,1409611
0,SUZUKI,GRANNOMADE,GRAN NOMADE,GASOLINA,2006+,CAPSA,13API,1409611
0,NISSAN,MAXIMA,"MAXIMA, ",DIESEL,,CAPSA,13API,1409611
0,HYUNDAI,TUCSON,"TUCSON,",DIESEL,2000-,CAPSA,13API  ,1409611
0,HYUNDAI,ACCENT,ACCENT,GASOLINA,2000-,CAPSA,13API  ,1409611
0,HYUNDAI,TUCSONVANTERRACAN,"TUCSON, VAN, TERRACAN, ",GASOLINA,2000-,CAPSA,13API  ,1409611
0,HYUNDAI,TUCSON,"TUCSON,",DIESEL,2000+,CAPSA,13API  ,1409611
0,HYUNDAI,ACCENT,ACCENT,GASOLINA,2000+,CAPSA,13API  ,1409611
0,HYUNDAI,TUCSON,"TUCSON,",DIESEL,2006+,CAPSA,13API  ,1409611
0,HYUNDAI,ACCENT,ACCENT,GASOLINA,2006+,CAPSA,13API  ,1409611
0,HYUNDAI,TUCSONVANTERRACAN,"TUCSON, VAN, TERRACAN, ",GASOLINA,,CAPSA,13API  ,1409611
0,HYUNDAI,SONATA,SONATA ,GASOLINA,2000-,CAPSA,13API / 15MBI,1409611 / 1497596
0,HYUNDAI,SONATAISONATAIISANTAFESM,"SONATA I , SONATA II, SANTA FE SM",GASOLINA,2000-,CAPSA,13API / 15MBI,1409611 / 1497596
0,KIA,OPTIMA,OPTIMA,GASOLINA,2000-,CAPSA,13API / 15MBI,1409611 / 1497596
0,HYUNDAI,SONATA,SONATA ,GASOLINA,2000+,CAPSA,13API / 15MBI,1409611 / 1497596
0,HYUNDAI,SONATAISONATAIISANTAFESM,"SONATA I , SONATA II, SANTA FE SM",GASOLINA,2000+,CAPSA,13API / 15MBI,1409611 / 1497596
0,KIA,OPTIMA,OPTIMA,GASOLINA,2000+,CAPSA,13API / 15MBI,1409611 / 1497596
0,HYUNDAI,SONATA,SONATA ,GASOLINA,2006+,CAPSA,13API / 15MBI,1409611 / 1497596
0,HYUNDAI,SONATAISONATAIISANTAFESM,"SONATA I , SONATA II, SANTA FE SM",GASOLINA,2006+,CAPSA,13API / 15MBI,1409611 / 1497596
0,KIA,OPTIMA,OPTIMA,GASOLINA,2006+,CAPSA,13API / 15MBI,1409611 / 1497596
0,NISSAN,TIIDA,TIIDA,GASOLINA,2006+,CAPSA,13TODI / 13WI,1634771 / 140962X
0,DAEWOO,ESPEROLANOSNUBIRASEDANWAGON,"ESPERO, LANOS, NUBIRA SEDAN/WAGON",GASOLINA,2000-,CAPSA,13W,149757X
0,JEEP,CHEROKE,CHEROKE,GASOLINA,2000-,CAPSA,13W,149757X
0,DAEWOO,ESPEROLANOSNUBIRASEDANWAGON,"ESPERO, LANOS, NUBIRA SEDAN/WAGON",GASOLINA,2000+,CAPSA,13W,149757X
0,JEEP,CHEROKE,CHEROKE,GASOLINA,2000+,CAPSA,13W,149757X
0,CHEVROLET,AVEO,AVEO,GASOLINA,2006+,CAPSA,13W,149757X
0,JEEP,CHEROKE,CHEROKE,GASOLINA,2006+,CAPSA,13W,149757X
0,DATSUN,100A120A,100  A - 120 A,GASOLINA,2000-,CAPSA,13W / 11AP,149757X / 1888242
0,DATSUN,140J160J,140 J - 160 J,GASOLINA,2000-,CAPSA,13W / 11AP,149757X / 1888242
0,DODGE,DAKOTA,DAKOTA,GASOLINA,2000-,CAPSA,13W / 13AP,149757X / 1497561
0,DODGE,SPIRIT25003500,SPIRIT 2500  3500,GASOLINA,2000-,CAPSA,13W / 13AP,149757X / 1497561
0,DODGE,CARAVANGRANCARABANCHALLENGER,"CARAVAN,  GRAN CARABAN, CHALLENGER",GASOLINA,2000-,CAPSA,13W / 13AP,149757X / 1497561
0,DODGE,DAYTONADIPLOMATIntrepidLancerViper,"DAYTONA,DIPLOMAT,Intrepid,Lancer,Viper",GASOLINA,2000-,CAPSA,13W / 13AP,149757X / 1497561
0,DODGE,MONACOSPIRITCALIBERCOLTRAIDER,"MONACO,SPIRIT,CALIBER,COLT,RAIDER",GASOLINA,2000-,CAPSA,13W / 13AP,149757X / 1497561
0,DODGE,DURANGO,DURANGO,GASOLINA,2000-,CAPSA,13W / 13AP,149757X / 1497561
0,DODGE,AVENGER,AVENGER,GASOLINA,2000-,CAPSA,13W / 13AP,149757X / 1497561
0,DODGE,PALIOSEDNHATCHBACKYAVENTURE,"PALIO (SEDN, HATCHBACK, Y AVENTURE)",GASOLINA,2000-,CAPSA,13W / 13AP,149757X / 1497561
0,DODGE,DAKOTA,DAKOTA,GASOLINA,2000+,CAPSA,13W / 13AP,149757X / 1497561
0,DODGE,SPIRIT25003500,SPIRIT 2500  3500,GASOLINA,2000+,CAPSA,13W / 13AP,149757X / 1497561
0,DODGE,CARAVANGRANCARABANCHALLENGER,"CARAVAN,  GRAN CARABAN, CHALLENGER",GASOLINA,2000+,CAPSA,13W / 13AP,149757X / 1497561
0,DODGE,DAYTONADIPLOMATIntrepidLancerViper,"DAYTONA,DIPLOMAT,Intrepid,Lancer,Viper",GASOLINA,2000+,CAPSA,13W / 13AP,149757X / 1497561
0,DODGE,MONACOSPIRITCALIBERCOLTRAIDER,"MONACO,SPIRIT,CALIBER,COLT,RAIDER",GASOLINA,2000+,CAPSA,13W / 13AP,149757X / 1497561
0,DODGE,DURANGO,DURANGO,GASOLINA,2000+,CAPSA,13W / 13AP,149757X / 1497561
0,DODGE,AVENGER,AVENGER,GASOLINA,2000+,CAPSA,13W / 13AP,149757X / 1497561
0,DODGE,PALIOSEDNHATCHBACKYAVENTURE,"PALIO (SEDN, HATCHBACK, Y AVENTURE)",GASOLINA,2000+,CAPSA,13W / 13AP,149757X / 1497561
0,DODGE,DAKOTA,DAKOTA,GASOLINA,2006+,CAPSA,13W / 13AP,149757X / 1497561
0,DODGE,SPIRIT25003500,SPIRIT 2500  3500,GASOLINA,2006+,CAPSA,13W / 13AP,149757X / 1497561
0,DODGE,CARAVANGRANCARABANCHALLENGER,"CARAVAN,  GRAN CARABAN, CHALLENGER",GASOLINA,2006+,CAPSA,13W / 13AP,149757X / 1497561
0,DODGE,DAYTONADIPLOMATIntrepidLancerViper,"DAYTONA,DIPLOMAT,Intrepid,Lancer,Viper",GASOLINA,2006+,CAPSA,13W / 13AP,149757X / 1497561
0,DODGE,MONACOSPIRITCALIBERCOLTRAIDER,"MONACO,SPIRIT,CALIBER,COLT,RAIDER",GASOLINA,2006+,CAPSA,13W / 13AP,149757X / 1497561
0,DODGE,DURANGO,DURANGO,GASOLINA,2006+,CAPSA,13W / 13AP,149757X / 1497561
0,DODGE,AVENGER,AVENGER,GASOLINA,2006+,CAPSA,13W / 13AP,149757X / 1497561
0,DODGE,PALIOSEDNHATCHBACKYAVENTURE,"PALIO (SEDN, HATCHBACK, Y AVENTURE)",GASOLINA,2006+,CAPSA,13W / 13AP,149757X / 1497561
0,TOYOTA,AVENSISCAVALIER,"AVENSIS, CAVALIER",GASOLINA,2000-,CAPSA,13WI,140962X
0,TOYOTA,CELICAMR2,"CELICA, MR2",GASOLINA,2000-,CAPSA,13WI,140962X
0,TOYOTA,LUCIDA,LUCIDA,GASOLINA,2000-,CAPSA,13WI,140962X
0,TOYOTA,AVENSISCAVALIER,"AVENSIS, CAVALIER",GASOLINA,2000+,CAPSA,13WI,140962X
0,TOYOTA,CELICAMR2,"CELICA, MR2",GASOLINA,2000+,CAPSA,13WI,140962X
0,TOYOTA,LUCIDA,LUCIDA,GASOLINA,2000+,CAPSA,13WI,140962X
0,TOYOTA,AVENSISCAVALIER,"AVENSIS, CAVALIER",GASOLINA,2006+,CAPSA,13WI,140962X
0,TOYOTA,CELICAMR2,"CELICA, MR2",GASOLINA,2006+,CAPSA,13WI,140962X
0,TOYOTA,LUCIDA,LUCIDA,GASOLINA,2006+,CAPSA,13WI,140962X
0,TOYOTA,CARINASOLARA,"CARINA, SOLARA",GASOLINA,2000-,CAPSA,13WI   ,140962X   
0,TOYOTA,CARINASOLARA,"CARINA, SOLARA",GASOLINA,2000+,CAPSA,13WI   ,140962X   
0,TOYOTA,CORSAESTIMA,"CORSA, ESTIMA",GASOLINA,2000-,CAPSA,13WI / 13API,140962X / 1409611
0,TOYOTA,CORSAESTIMA,"CORSA, ESTIMA",GASOLINA,2000+,CAPSA,13WI / 13API,140962X / 1409611
0,CITROEN,ZXXANTIABREAKZXDIESEL,"ZX - XANTIA BREAK, ZX DIESEL",DIESEL,2000-,CAPSA,13WI / 15MBI,140962X / 1497596
0,AUDI,A318TURBOA428A4A628,"A3 1.8  TURBO,  A4 2.8 , A4 , A6 2.8",GASOLINA,2000-,CAPSA,13WI / 15MBI,140962X / 1497596
0,AUDI,A318A418SEDANA418TURBO,"A3 1.8 ,  A4 1.8  SEDAN,  A4 1.8  TURBO",GASOLINA,2000-,CAPSA,13WI / 15MBI,140962X / 1497596
0,AUDI,A320LDIESELA332L,"A3 2.0L DIESEL, A3 3.2L ",GASOLINA,2000-,CAPSA,13WI / 15MBI,140962X / 1497596
0,AUDI,A432LA5QUATTRO,"A4 3.2L, A5 QUATTRO",GASOLINA,2000-,CAPSA,13WI / 15MBI,140962X / 1497596
0,AUDI,A6A8A8W12,"A6, A8, A8W12, ",GASOLINA,2000-,CAPSA,13WI / 15MBI,140962X / 1497596
0,AUDI,Q5Q7R8S4,"Q5, Q7, R8, S4",GASOLINA,2000-,CAPSA,13WI / 15MBI,140962X / 1497596
0,AUDI,TTTT18TT32TTS20,"TT, TT1.8, TT3.2, TTS2.0",GASOLINA,2000-,CAPSA,13WI / 15MBI,140962X / 1497596
0,CHEVROLET,VECTRA,VECTRA,GASOLINA,2000-,CAPSA,13WI / 15MBI,140962X / 1497596
0,CHEVROLET,CAVALIERCELEBRITY,"CAVALIER, CELEBRITY",GASOLINA,2000-,CAPSA,13WI / 15MBI,140962X / 1497596
0,CHEVROLET,MONZA,MONZA,GASOLINA,2000-,CAPSA,13WI / 15MBI,140962X / 1497596
0,CITROEN,XANTIASXACTIVAS,XANTIA (SX-ACTIVAS),GASOLINA,2000-,CAPSA,13WI / 15MBI,140962X / 1497596
0,CITROEN,XMV16BXGTI,XM - V16 - BX - GTI,GASOLINA,2000-,CAPSA,13WI / 15MBI,140962X / 1497596
0,CITROEN,XSARASX16V,XSARA SX 16V,GASOLINA,2000-,CAPSA,13WI / 15MBI,140962X / 1497596
0,CITROEN,BERLINGO,BERLINGO,GASOLINA,2000-,CAPSA,13WI / 15MBI,140962X / 1497596
0,CITROEN,C3,C3,GASOLINA,2000-,CAPSA,13WI / 15MBI,140962X / 1497596
0,CITROEN,C4HDI,"C4 HDI,",GASOLINA,2000-,CAPSA,13WI / 15MBI,140962X / 1497596
0,CITROEN,SAXOSX14VTR16,SAXO SX1.4 - VTR1.6,GASOLINA,2000-,CAPSA,13WI / 15MBI,140962X / 1497596
0,CITROEN,SAXOVTS16V,SAXO VTS 16V,GASOLINA,2000-,CAPSA,13WI / 15MBI,140962X / 1497596
0,DAEWOO,LEGANZAPRINCEJEREZ,"LEGANZA, PRINCE, JEREZ",GASOLINA,2000-,CAPSA,13WI / 15MBI,140962X / 1497596
0,PEUGEOT,1.06E+14,106/205/206/305/306,GASOLINA,2000-,CAPSA,13WI / 15MBI,140962X / 1497596
0,PEUGEOT,207308206XRXSX3XTCCSW,"207/308/206 (XR,XS,X3,XT,CC,SW) ",GASOLINA,2000-,CAPSA,13WI / 15MBI,140962X / 1497596
0,PEUGEOT,306XRXSXT,"306 (XR, XS, XT)",GASOLINA,2000-,CAPSA,13WI / 15MBI,140962X / 1497596
0,PEUGEOT,"405,406","405,  406",GASOLINA,2000-,CAPSA,13WI / 15MBI,140962X / 1497596
0,PEUGEOT,407,407,GASOLINA,2000-,CAPSA,13WI / 15MBI,140962X / 1497596
0,PEUGEOT,505,505,GASOLINA,2000-,CAPSA,13WI / 15MBI,140962X / 1497596
0,PEUGEOT,607,607,GASOLINA,2000-,CAPSA,13WI / 15MBI,140962X / 1497596
0,RENAULT,LOGAN,LOGAN,GASOLINA,2000-,CAPSA,13WI / 15MBI,140962X / 1497596
0,RENAULT,LAGUNA,LAGUNA,GASOLINA,2000-,CAPSA,13WI / 15MBI,140962X / 1497596
0,RENAULT,MEGANE,MEGANE,GASOLINA,2000-,CAPSA,13WI / 15MBI,140962X / 1497596
0,RENAULT,FLUENCE,FLUENCE,GASOLINA,2000-,CAPSA,13WI / 15MBI,140962X / 1497596
0,RENAULT,SCENIC,SCENIC,GASOLINA,2000-,CAPSA,13WI / 15MBI,140962X / 1497596
0,SEAT,IBIZA,IBIZA,GASOLINA,2000-,CAPSA,13WI / 15MBI,140962X / 1497596
0,SEAT,LEONFR,LEON FR,GASOLINA,2000-,CAPSA,13WI / 15MBI,140962X / 1497596
0,SEAT,CUPRA,CUPRA,GASOLINA,2000-,CAPSA,13WI / 15MBI,140962X / 1497596
0,VOLKSWAGEN,PARATI,PARATI,GASOLINA,2000-,CAPSA,13WI / 15MBI,140962X / 1497596
0,VOLKSWAGEN,BEETLE,BEETLE,GASOLINA,2000-,CAPSA,13WI / 15MBI,140962X / 1497596
0,VOLKSWAGEN,BORA,BORA,GASOLINA,2000-,CAPSA,13WI / 15MBI,140962X / 1497596
0,VOLKSWAGEN,CADDY,CADDY,GASOLINA,2000-,CAPSA,13WI / 15MBI,140962X / 1497596
0,VOLKSWAGEN,CROSSOVER,CROSSOVER,GASOLINA,2000-,CAPSA,13WI / 15MBI,140962X / 1497596
0,VOLKSWAGEN,CROSSFOX,CROSSFOX,GASOLINA,2000-,CAPSA,13WI / 15MBI,140962X / 1497596
0,VOLKSWAGEN,GOL,GOL,GASOLINA,2000-,CAPSA,13WI / 15MBI,140962X / 1497596
0,VOLKSWAGEN,GOLF,GOLF,GASOLINA,2000-,CAPSA,13WI / 15MBI,140962X / 1497596
0,VOLKSWAGEN,JETTA,JETTA,GASOLINA,2000-,CAPSA,13WI / 15MBI,140962X / 1497596
0,VOLKSWAGEN,KOMBI,KOMBI,GASOLINA,2000-,CAPSA,13WI / 15MBI,140962X / 1497596
0,VOLKSWAGEN,POLO,POLO,GASOLINA,2000-,CAPSA,13WI / 15MBI,140962X / 1497596
0,VOLKSWAGEN,QUANTUM,QUANTUM,GASOLINA,2000-,CAPSA,13WI / 15MBI,140962X / 1497596
0,VOLKSWAGEN,TOUAREG,TOUAREG,GASOLINA,2000-,CAPSA,13WI / 15MBI,140962X / 1497596
0,VOLKSWAGEN,SEDAN,SEDAN,GASOLINA,2000-,CAPSA,13WI / 15MBI,140962X / 1497596
0,VOLKSWAGEN,TIGUAN,TIGUAN,GASOLINA,2000-,CAPSA,13WI / 15MBI,140962X / 1497596
0,VOLKSWAGEN,VANAGON,VANAGON,GASOLINA,2000-,CAPSA,13WI / 15MBI,140962X / 1497596
0,VOLKSWAGEN,VENTO,VENTO,GASOLINA,2000-,CAPSA,13WI / 15MBI,140962X / 1497596
0,VOLKSWAGEN,ESCARABAJO,ESCARABAJO,GASOLINA,2000-,CAPSA,13WI / 15MBI,140962X / 1497596
0,VOLKSWAGEN,AMAZON,AMAZON,GASOLINA,2000-,CAPSA,13WI / 15MBI,140962X / 1497596
0,VOLKSWAGEN,PASSAT,PASSAT,GASOLINA,2000-,CAPSA,13WI / 15MBI,140962X / 1497596
0,VOLKSWAGEN,CABRIO,CABRIO,GASOLINA,2000-,CAPSA,13WI / 15MBI,140962X / 1497596
0,VOLVO,C30,C30,GASOLINA,2000-,CAPSA,13WI / 15MBI,140962X / 1497596
0,VOLVO,S70S80S90C70,"S70,  S80, S90, C70",GASOLINA,2000-,CAPSA,13WI / 15MBI,140962X / 1497596
0,VOLVO,V40V50V70V90,"V40,  V50,  V70,  V90",GASOLINA,2000-,CAPSA,13WI / 15MBI,140962X / 1497596
0,VOLVO,XC60XC70XC90,"XC60, XC70,  XC90",GASOLINA,2000-,CAPSA,13WI / 15MBI,140962X / 1497596
0,VOLVO,S40,S40,GASOLINA,2000-,CAPSA,13WI / 15MBI,140962X / 1497596
0,VOLVO,"240,740,780,850,940","240, 740, 780, 850,  940",GASOLINA,2000-,CAPSA,13WI / 15MBI,140962X / 1497596
0,VOLVO,S60,S60,GASOLINA,2000-,CAPSA,13WI / 15MBI,140962X / 1497596
0,CITROEN,ZXXANTIABREAKZXDIESEL,"ZX - XANTIA BREAK, ZX DIESEL",DIESEL,2000+,CAPSA,13WI / 15MBI,140962X / 1497596
0,AUDI,A318TURBOA428A4A628,"A3 1.8  TURBO,  A4 2.8 , A4 , A6 2.8",GASOLINA,2000+,CAPSA,13WI / 15MBI,140962X / 1497596
0,AUDI,A318A418SEDANA418TURBO,"A3 1.8 ,  A4 1.8  SEDAN,  A4 1.8  TURBO",GASOLINA,2000+,CAPSA,13WI / 15MBI,140962X / 1497596
0,AUDI,A320LDIESELA332L,"A3 2.0L DIESEL, A3 3.2L ",GASOLINA,2000+,CAPSA,13WI / 15MBI,140962X / 1497596
0,AUDI,A432LA5QUATTRO,"A4 3.2L, A5 QUATTRO",GASOLINA,2000+,CAPSA,13WI / 15MBI,140962X / 1497596
0,AUDI,A6A8A8W12,"A6, A8, A8W12, ",GASOLINA,2000+,CAPSA,13WI / 15MBI,140962X / 1497596
0,AUDI,Q5Q7R8S4,"Q5, Q7, R8, S4",GASOLINA,2000+,CAPSA,13WI / 15MBI,140962X / 1497596
0,AUDI,TTTT18TT32TTS20,"TT, TT1.8, TT3.2, TTS2.0",GASOLINA,2000+,CAPSA,13WI / 15MBI,140962X / 1497596
0,CHEVROLET,CAVALIERCELEBRITY,"CAVALIER, CELEBRITY",GASOLINA,2000+,CAPSA,13WI / 15MBI,140962X / 1497596
0,CHEVROLET,MONZA,MONZA,GASOLINA,2000+,CAPSA,13WI / 15MBI,140962X / 1497596
0,CITROEN,XANTIASXACTIVAS,XANTIA (SX-ACTIVAS),GASOLINA,2000+,CAPSA,13WI / 15MBI,140962X / 1497596
0,CITROEN,XMV16BXGTI,XM - V16 - BX - GTI,GASOLINA,2000+,CAPSA,13WI / 15MBI,140962X / 1497596
0,CITROEN,XSARASX16V,XSARA SX 16V,GASOLINA,2000+,CAPSA,13WI / 15MBI,140962X / 1497596
0,CITROEN,BERLINGO,BERLINGO,GASOLINA,2000+,CAPSA,13WI / 15MBI,140962X / 1497596
0,CITROEN,C3,C3,GASOLINA,2000+,CAPSA,13WI / 15MBI,140962X / 1497596
0,CITROEN,C4HDI,"C4 HDI,",GASOLINA,2000+,CAPSA,13WI / 15MBI,140962X / 1497596
0,CITROEN,SAXOSX14VTR16,SAXO SX1.4 - VTR1.6,GASOLINA,2000+,CAPSA,13WI / 15MBI,140962X / 1497596
0,CITROEN,SAXOVTS16V,SAXO VTS 16V,GASOLINA,2000+,CAPSA,13WI / 15MBI,140962X / 1497596
0,DAEWOO,LEGANZAPRINCEJEREZ,"LEGANZA, PRINCE, JEREZ",GASOLINA,2000+,CAPSA,13WI / 15MBI,140962X / 1497596
0,PEUGEOT,1.06E+14,106/205/206/305/306,GASOLINA,2000+,CAPSA,13WI / 15MBI,140962X / 1497596
0,PEUGEOT,207308206XRXSX3XTCCSW,"207/308/206 (XR,XS,X3,XT,CC,SW) ",GASOLINA,2000+,CAPSA,13WI / 15MBI,140962X / 1497596
0,PEUGEOT,306XRXSXT,"306 (XR, XS, XT)",GASOLINA,2000+,CAPSA,13WI / 15MBI,140962X / 1497596
0,PEUGEOT,"405,406","405,  406",GASOLINA,2000+,CAPSA,13WI / 15MBI,140962X / 1497596
0,PEUGEOT,407,407,GASOLINA,2000+,CAPSA,13WI / 15MBI,140962X / 1497596
0,PEUGEOT,505,505,GASOLINA,2000+,CAPSA,13WI / 15MBI,140962X / 1497596
0,PEUGEOT,607,607,GASOLINA,2000+,CAPSA,13WI / 15MBI,140962X / 1497596
0,RENAULT,LOGAN,LOGAN,GASOLINA,2000+,CAPSA,13WI / 15MBI,140962X / 1497596
0,RENAULT,LAGUNA,LAGUNA,GASOLINA,2000+,CAPSA,13WI / 15MBI,140962X / 1497596
0,RENAULT,MEGANE,MEGANE,GASOLINA,2000+,CAPSA,13WI / 15MBI,140962X / 1497596
0,RENAULT,FLUENCE,FLUENCE,GASOLINA,2000+,CAPSA,13WI / 15MBI,140962X / 1497596
0,RENAULT,SCENIC,SCENIC,GASOLINA,2000+,CAPSA,13WI / 15MBI,140962X / 1497596
0,SEAT,IBIZA,IBIZA,GASOLINA,2000+,CAPSA,13WI / 15MBI,140962X / 1497596
0,SEAT,LEONFR,LEON FR,GASOLINA,2000+,CAPSA,13WI / 15MBI,140962X / 1497596
0,SEAT,CUPRA,CUPRA,GASOLINA,2000+,CAPSA,13WI / 15MBI,140962X / 1497596
0,VOLKSWAGEN,PARATI,PARATI,GASOLINA,2000+,CAPSA,13WI / 15MBI,140962X / 1497596
0,VOLKSWAGEN,BEETLE,BEETLE,GASOLINA,2000+,CAPSA,13WI / 15MBI,140962X / 1497596
0,VOLKSWAGEN,BORA,BORA,GASOLINA,2000+,CAPSA,13WI / 15MBI,140962X / 1497596
0,VOLKSWAGEN,CADDY,CADDY,GASOLINA,2000+,CAPSA,13WI / 15MBI,140962X / 1497596
0,VOLKSWAGEN,CROSSOVER,CROSSOVER,GASOLINA,2000+,CAPSA,13WI / 15MBI,140962X / 1497596
0,VOLKSWAGEN,CROSSFOX,CROSSFOX,GASOLINA,2000+,CAPSA,13WI / 15MBI,140962X / 1497596
0,VOLKSWAGEN,GOL,GOL,GASOLINA,2000+,CAPSA,13WI / 15MBI,140962X / 1497596
0,VOLKSWAGEN,GOLF,GOLF,GASOLINA,2000+,CAPSA,13WI / 15MBI,140962X / 1497596
0,VOLKSWAGEN,JETTA,JETTA,GASOLINA,2000+,CAPSA,13WI / 15MBI,140962X / 1497596
0,VOLKSWAGEN,KOMBI,KOMBI,GASOLINA,2000+,CAPSA,13WI / 15MBI,140962X / 1497596
0,VOLKSWAGEN,POLO,POLO,GASOLINA,2000+,CAPSA,13WI / 15MBI,140962X / 1497596
0,VOLKSWAGEN,QUANTUM,QUANTUM,GASOLINA,2000+,CAPSA,13WI / 15MBI,140962X / 1497596
0,VOLKSWAGEN,TOUAREG,TOUAREG,GASOLINA,2000+,CAPSA,13WI / 15MBI,140962X / 1497596
0,VOLKSWAGEN,SEDAN,SEDAN,GASOLINA,2000+,CAPSA,13WI / 15MBI,140962X / 1497596
0,VOLKSWAGEN,TIGUAN,TIGUAN,GASOLINA,2000+,CAPSA,13WI / 15MBI,140962X / 1497596
0,VOLKSWAGEN,VANAGON,VANAGON,GASOLINA,2000+,CAPSA,13WI / 15MBI,140962X / 1497596
0,VOLKSWAGEN,VENTO,VENTO,GASOLINA,2000+,CAPSA,13WI / 15MBI,140962X / 1497596
0,VOLKSWAGEN,ESCARABAJO,ESCARABAJO,GASOLINA,2000+,CAPSA,13WI / 15MBI,140962X / 1497596
0,VOLKSWAGEN,AMAZON,AMAZON,GASOLINA,2000+,CAPSA,13WI / 15MBI,140962X / 1497596
0,VOLKSWAGEN,PASSAT,PASSAT,GASOLINA,2000+,CAPSA,13WI / 15MBI,140962X / 1497596
0,VOLKSWAGEN,CABRIO,CABRIO,GASOLINA,2000+,CAPSA,13WI / 15MBI,140962X / 1497596
0,VOLVO,C30,C30,GASOLINA,2000+,CAPSA,13WI / 15MBI,140962X / 1497596
0,VOLVO,S70S80S90C70,"S70,  S80, S90, C70",GASOLINA,2000+,CAPSA,13WI / 15MBI,140962X / 1497596
0,VOLVO,V40V50V70V90,"V40,  V50,  V70,  V90",GASOLINA,2000+,CAPSA,13WI / 15MBI,140962X / 1497596
0,VOLVO,XC60XC70XC90,"XC60, XC70,  XC90",GASOLINA,2000+,CAPSA,13WI / 15MBI,140962X / 1497596
0,VOLVO,S40,S40,GASOLINA,2000+,CAPSA,13WI / 15MBI,140962X / 1497596
0,VOLVO,"240,740,780,850,940","240, 740, 780, 850,  940",GASOLINA,2000+,CAPSA,13WI / 15MBI,140962X / 1497596
0,VOLVO,S60,S60,GASOLINA,2000+,CAPSA,13WI / 15MBI,140962X / 1497596
0,CITROEN,ZXXANTIABREAKZXDIESEL,"ZX - XANTIA BREAK, ZX DIESEL",DIESEL,2006+,CAPSA,13WI / 15MBI,140962X / 1497596
0,AUDI,A318TURBOA428A4A628,"A3 1.8  TURBO,  A4 2.8 , A4 , A6 2.8",GASOLINA,2006+,CAPSA,13WI / 15MBI,140962X / 1497596
0,AUDI,A318A418SEDANA418TURBO,"A3 1.8 ,  A4 1.8  SEDAN,  A4 1.8  TURBO",GASOLINA,2006+,CAPSA,13WI / 15MBI,140962X / 1497596
0,AUDI,A320LDIESELA332L,"A3 2.0L DIESEL, A3 3.2L ",GASOLINA,2006+,CAPSA,13WI / 15MBI,140962X / 1497596
0,AUDI,A432LA5QUATTRO,"A4 3.2L, A5 QUATTRO",GASOLINA,2006+,CAPSA,13WI / 15MBI,140962X / 1497596
0,AUDI,A6A8A8W12,"A6, A8, A8W12, ",GASOLINA,2006+,CAPSA,13WI / 15MBI,140962X / 1497596
0,AUDI,Q5Q7R8S4,"Q5, Q7, R8, S4",GASOLINA,2006+,CAPSA,13WI / 15MBI,140962X / 1497596
0,AUDI,TTTT18TT32TTS20,"TT, TT1.8, TT3.2, TTS2.0",GASOLINA,2006+,CAPSA,13WI / 15MBI,140962X / 1497596
0,CITROEN,XANTIASXACTIVAS,XANTIA (SX-ACTIVAS),GASOLINA,2006+,CAPSA,13WI / 15MBI,140962X / 1497596
0,CITROEN,XMV16BXGTI,XM - V16 - BX - GTI,GASOLINA,2006+,CAPSA,13WI / 15MBI,140962X / 1497596
0,CITROEN,XSARASX16V,XSARA SX 16V,GASOLINA,2006+,CAPSA,13WI / 15MBI,140962X / 1497596
0,CITROEN,BERLINGO,BERLINGO,GASOLINA,2006+,CAPSA,13WI / 15MBI,140962X / 1497596
0,CITROEN,C3,C3,GASOLINA,2006+,CAPSA,13WI / 15MBI,140962X / 1497596
0,CITROEN,C4HDI,"C4 HDI,",GASOLINA,2006+,CAPSA,13WI / 15MBI,140962X / 1497596
0,CITROEN,SAXOSX14VTR16,SAXO SX1.4 - VTR1.6,GASOLINA,2006+,CAPSA,13WI / 15MBI,140962X / 1497596
0,CITROEN,SAXOVTS16V,SAXO VTS 16V,GASOLINA,2006+,CAPSA,13WI / 15MBI,140962X / 1497596
0,PEUGEOT,1.06E+14,106/205/206/305/306,GASOLINA,2006+,CAPSA,13WI / 15MBI,140962X / 1497596
0,PEUGEOT,207308206XRXSX3XTCCSW,"207/308/206 (XR,XS,X3,XT,CC,SW) ",GASOLINA,2006+,CAPSA,13WI / 15MBI,140962X / 1497596
0,PEUGEOT,306XRXSXT,"306 (XR, XS, XT)",GASOLINA,2006+,CAPSA,13WI / 15MBI,140962X / 1497596
0,PEUGEOT,"405,406","405,  406",GASOLINA,2006+,CAPSA,13WI / 15MBI,140962X / 1497596
0,PEUGEOT,407,407,GASOLINA,2006+,CAPSA,13WI / 15MBI,140962X / 1497596
0,PEUGEOT,505,505,GASOLINA,2006+,CAPSA,13WI / 15MBI,140962X / 1497596
0,PEUGEOT,607,607,GASOLINA,2006+,CAPSA,13WI / 15MBI,140962X / 1497596
0,RENAULT,LOGAN,LOGAN,GASOLINA,2006+,CAPSA,13WI / 15MBI,140962X / 1497596
0,RENAULT,LAGUNA,LAGUNA,GASOLINA,2006+,CAPSA,13WI / 15MBI,140962X / 1497596
0,RENAULT,MEGANE,MEGANE,GASOLINA,2006+,CAPSA,13WI / 15MBI,140962X / 1497596
0,RENAULT,FLUENCE,FLUENCE,GASOLINA,2006+,CAPSA,13WI / 15MBI,140962X / 1497596
0,RENAULT,SCENIC,SCENIC,GASOLINA,2006+,CAPSA,13WI / 15MBI,140962X / 1497596
0,SEAT,IBIZA,IBIZA,GASOLINA,2006+,CAPSA,13WI / 15MBI,140962X / 1497596
0,SEAT,LEONFR,LEON FR,GASOLINA,2006+,CAPSA,13WI / 15MBI,140962X / 1497596
0,SEAT,CUPRA,CUPRA,GASOLINA,2006+,CAPSA,13WI / 15MBI,140962X / 1497596
0,VOLKSWAGEN,PARATI,PARATI,GASOLINA,2006+,CAPSA,13WI / 15MBI,140962X / 1497596
0,VOLKSWAGEN,BEETLE,BEETLE,GASOLINA,2006+,CAPSA,13WI / 15MBI,140962X / 1497596
0,VOLKSWAGEN,BORA,BORA,GASOLINA,2006+,CAPSA,13WI / 15MBI,140962X / 1497596
0,VOLKSWAGEN,CADDY,CADDY,GASOLINA,2006+,CAPSA,13WI / 15MBI,140962X / 1497596
0,VOLKSWAGEN,CROSSOVER,CROSSOVER,GASOLINA,2006+,CAPSA,13WI / 15MBI,140962X / 1497596
0,VOLKSWAGEN,CROSSFOX,CROSSFOX,GASOLINA,2006+,CAPSA,13WI / 15MBI,140962X / 1497596
0,VOLKSWAGEN,GOL,GOL,GASOLINA,2006+,CAPSA,13WI / 15MBI,140962X / 1497596
0,VOLKSWAGEN,GOLF,GOLF,GASOLINA,2006+,CAPSA,13WI / 15MBI,140962X / 1497596
0,VOLKSWAGEN,JETTA,JETTA,GASOLINA,2006+,CAPSA,13WI / 15MBI,140962X / 1497596
0,VOLKSWAGEN,KOMBI,KOMBI,GASOLINA,2006+,CAPSA,13WI / 15MBI,140962X / 1497596
0,VOLKSWAGEN,POLO,POLO,GASOLINA,2006+,CAPSA,13WI / 15MBI,140962X / 1497596
0,VOLKSWAGEN,QUANTUM,QUANTUM,GASOLINA,2006+,CAPSA,13WI / 15MBI,140962X / 1497596
0,VOLKSWAGEN,TOUAREG,TOUAREG,GASOLINA,2006+,CAPSA,13WI / 15MBI,140962X / 1497596
0,VOLKSWAGEN,SEDAN,SEDAN,GASOLINA,2006+,CAPSA,13WI / 15MBI,140962X / 1497596
0,VOLKSWAGEN,TIGUAN,TIGUAN,GASOLINA,2006+,CAPSA,13WI / 15MBI,140962X / 1497596
0,VOLKSWAGEN,VANAGON,VANAGON,GASOLINA,2006+,CAPSA,13WI / 15MBI,140962X / 1497596
0,VOLKSWAGEN,VENTO,VENTO,GASOLINA,2006+,CAPSA,13WI / 15MBI,140962X / 1497596
0,VOLKSWAGEN,ESCARABAJO,ESCARABAJO,GASOLINA,2006+,CAPSA,13WI / 15MBI,140962X / 1497596
0,VOLKSWAGEN,AMAZON,AMAZON,GASOLINA,2006+,CAPSA,13WI / 15MBI,140962X / 1497596
0,VOLKSWAGEN,PASSAT,PASSAT,GASOLINA,2006+,CAPSA,13WI / 15MBI,140962X / 1497596
0,VOLKSWAGEN,CABRIO,CABRIO,GASOLINA,2006+,CAPSA,13WI / 15MBI,140962X / 1497596
0,VOLVO,C30,C30,GASOLINA,2006+,CAPSA,13WI / 15MBI,140962X / 1497596
0,VOLVO,S70S80S90C70,"S70,  S80, S90, C70",GASOLINA,2006+,CAPSA,13WI / 15MBI,140962X / 1497596
0,VOLVO,V40V50V70V90,"V40,  V50,  V70,  V90",GASOLINA,2006+,CAPSA,13WI / 15MBI,140962X / 1497596
0,VOLVO,XC60XC70XC90,"XC60, XC70,  XC90",GASOLINA,2006+,CAPSA,13WI / 15MBI,140962X / 1497596
0,VOLVO,S40,S40,GASOLINA,2006+,CAPSA,13WI / 15MBI,140962X / 1497596
0,VOLVO,"240,740,780,850,940","240, 740, 780, 850,  940",GASOLINA,2006+,CAPSA,13WI / 15MBI,140962X / 1497596
0,VOLVO,S60,S60,GASOLINA,2006+,CAPSA,13WI / 15MBI,140962X / 1497596
0,CHEVROLET,LUVPICKUP,LUV-PICK UP,DIESEL,2000-,CAPSA,15APCG,1497588
0,DAEWOO,KORANDO23MUSSO,"KORANDO 2.3, M USSO",DIESEL,2000-,CAPSA,15APCG,1497588
0,MAZDA,B2300B3000B4000,B2300 - B3000 - B4000,DIESEL,2000-,CAPSA,15APCG,1497588
0,MITSUBISHI,CANTERMONTERO32NATIVA,"CANTER,  MONTERO 3.2,  NATIVA",DIESEL,2000-,CAPSA,15APCG,1497588
0,MITSUBISHI,FUSOROSA,FUSO / ROSA,DIESEL,2000-,CAPSA,15APCG,1497588
0,MITSUBISHI,L200,L200,DIESEL,2000-,CAPSA,15APCG,1497588
0,MITSUBISHI,LIBERO,LIBERO,DIESEL,2000-,CAPSA,15APCG,1497588
0,MITSUBISHI,MONTERO,MONTERO,DIESEL,2000-,CAPSA,15APCG,1497588
0,MITSUBISHI,PAJERO,PAJERO,DIESEL,2000-,CAPSA,15APCG,1497588
0,NISSAN,ALTIMAALTIMA35LSTANZAVANETTE,"ALTIMA - ALTIMA 3.5L, STANZA, VANETTE",DIESEL,2000-,CAPSA,15APCG,1497588
0,NISSAN,FRONTIERALMERA,"FRONTIER, ALMERA,",DIESEL,2000-,CAPSA,15APCG,1497588
0,NISSAN,PATHFINDERPATHFINDERR5035L,PATHFINDER - PATHFINDER R50  3.5L,DIESEL,2000-,CAPSA,15APCG,1497588
0,NISSAN,PATROL,PATROL,DIESEL,2000-,CAPSA,15APCG,1497588
0,NISSAN,PATHFINDERR51SEVILLA,"PATHFINDER R51  , SEVILLA",DIESEL,2000-,CAPSA,15APCG,1497588
0,NISSAN,TERRANOURBAN,"TERRANO, URBAN",DIESEL,2000-,CAPSA,15APCG,1497588
0,TOYOTA,LANDCRUISER,LAND CRUISER,DIESEL,2000-,CAPSA,15APCG,1497588
0,TOYOTA,4RUNNERPRADO,"4RUNNER, PRADO",DIESEL,2000-,CAPSA,15APCG,1497588
0,TOYOTA,HIICEHILUX,"HI-ICE, HILUX",DIESEL,2000-,CAPSA,15APCG,1497588
0,CHEVROLET,LUVPICKUP,LUV-PICK UP,DIESEL,2000+,CAPSA,15APCG,1497588
0,DAEWOO,KORANDO23MUSSO,"KORANDO 2.3, M USSO",DIESEL,2000+,CAPSA,15APCG,1497588
0,MITSUBISHI,CANTERMONTERO32NATIVA,"CANTER,  MONTERO 3.2,  NATIVA",DIESEL,2000+,CAPSA,15APCG,1497588
0,MITSUBISHI,FUSOROSA,FUSO / ROSA,DIESEL,2000+,CAPSA,15APCG,1497588
0,MITSUBISHI,L200,L200,DIESEL,2000+,CAPSA,15APCG,1497588
0,MITSUBISHI,LIBERO,LIBERO,DIESEL,2000+,CAPSA,15APCG,1497588
0,MITSUBISHI,MONTERO,MONTERO,DIESEL,2000+,CAPSA,15APCG,1497588
0,MITSUBISHI,PAJERO,PAJERO,DIESEL,2000+,CAPSA,15APCG,1497588
0,NISSAN,ALTIMAALTIMA35LSTANZAVANETTE,"ALTIMA - ALTIMA 3.5L, STANZA, VANETTE",DIESEL,2000+,CAPSA,15APCG,1497588
0,NISSAN,FRONTIERALMERA,"FRONTIER, ALMERA,",DIESEL,2000+,CAPSA,15APCG,1497588
0,NISSAN,PATHFINDERPATHFINDERR5035L,PATHFINDER - PATHFINDER R50  3.5L,DIESEL,2000+,CAPSA,15APCG,1497588
0,NISSAN,PATROL,PATROL,DIESEL,2000+,CAPSA,15APCG,1497588
0,NISSAN,PATHFINDERR51SEVILLA,"PATHFINDER R51  , SEVILLA",DIESEL,2000+,CAPSA,15APCG,1497588
0,NISSAN,TERRANOURBAN,"TERRANO, URBAN",DIESEL,2000+,CAPSA,15APCG,1497588
0,TOYOTA,LANDCRUISER,LAND CRUISER,DIESEL,2000+,CAPSA,15APCG,1497588
0,TOYOTA,4RUNNERPRADO,"4RUNNER, PRADO",DIESEL,2000+,CAPSA,15APCG,1497588
0,TOYOTA,HIICEHILUX,"HI-ICE, HILUX",DIESEL,2000+,CAPSA,15APCG,1497588
0,MAZDA,B2300B3000B4000,B2300 - B3000 - B4000,GASOLINA,2000+,CAPSA,15APCG,1497588
0,MITSUBISHI,CANTERMONTERO32NATIVA,"CANTER,  MONTERO 3.2,  NATIVA",DIESEL,2006+,CAPSA,15APCG,1497588
0,MITSUBISHI,FUSOROSA,FUSO / ROSA,DIESEL,2006+,CAPSA,15APCG,1497588
0,MITSUBISHI,L200,L200,DIESEL,2006+,CAPSA,15APCG,1497588
0,MITSUBISHI,LIBERO,LIBERO,DIESEL,2006+,CAPSA,15APCG,1497588
0,MITSUBISHI,MONTERO,MONTERO,DIESEL,2006+,CAPSA,15APCG,1497588
0,MITSUBISHI,PAJERO,PAJERO,DIESEL,2006+,CAPSA,15APCG,1497588
0,NISSAN,FRONTIERALMERA,"FRONTIER, ALMERA,",DIESEL,2006+,CAPSA,15APCG,1497588
0,NISSAN,PATHFINDERPATHFINDERR5035L,PATHFINDER - PATHFINDER R50  3.5L,DIESEL,2006+,CAPSA,15APCG,1497588
0,NISSAN,PATROL,PATROL,DIESEL,2006+,CAPSA,15APCG,1497588
0,NISSAN,PATHFINDERR51SEVILLA,"PATHFINDER R51  , SEVILLA",DIESEL,2006+,CAPSA,15APCG,1497588
0,NISSAN,TERRANOURBAN,"TERRANO, URBAN",DIESEL,2006+,CAPSA,15APCG,1497588
0,TOYOTA,LANDCRUISER,LAND CRUISER,DIESEL,2006+,CAPSA,15APCG,1497588
0,TOYOTA,4RUNNERPRADO,"4RUNNER, PRADO",DIESEL,2006+,CAPSA,15APCG,1497588
0,TOYOTA,HIICEHILUX,"HI-ICE, HILUX",DIESEL,2006+,CAPSA,15APCG,1497588
0,MAZDA,B2300B3000B4000,B2300 - B3000 - B4000,GASOLINA,2006+,CAPSA,15APCG,1497588
0,GREAT WALL,STAVIC,STAVIC,DIESEL,2000-,CAPSA,15APCG ,1497588
0,GREAT WALL,HAVAL,HAVAL,DIESEL,2000-,CAPSA,15APCG ,1497588
0,MAHINDRA,SCORPIO,SCORPIO,DIESEL,2000-,CAPSA,15APCG ,1497588
0,SSANG YONG,ACTYON,ACTYON,DIESEL,2000-,CAPSA,15APCG ,1497588
0,SSANG YONG,KORANDO,KORANDO,DIESEL,2000-,CAPSA,15APCG ,1497588
0,SSANG YONG,KYRON,KYRON,DIESEL,2000-,CAPSA,15APCG ,1497588
0,SSANG YONG,STAVIC,STAVIC,DIESEL,2000-,CAPSA,15APCG ,1497588
0,SSANG YONG,REXTON,REXTON,DIESEL,2000-,CAPSA,15APCG ,1497588
0,MAHINDRA,SCORPIO,SCORPIO,DIESEL,2000+,CAPSA,15APCG ,1497588
0,SSANG YONG,ACTYON,ACTYON,DIESEL,2000+,CAPSA,15APCG ,1497588
0,SSANG YONG,KORANDO,KORANDO,DIESEL,2000+,CAPSA,15APCG ,1497588
0,SSANG YONG,KYRON,KYRON,DIESEL,2000+,CAPSA,15APCG ,1497588
0,SSANG YONG,REXTON,REXTON,DIESEL,2000+,CAPSA,15APCG ,1497588
0,MAHINDRA,SCORPIO,SCORPIO,DIESEL,2006+,CAPSA,15APCG ,1497588
0,SSANG YONG,ACTYON,ACTYON,DIESEL,2006+,CAPSA,15APCG ,1497588
0,SSANG YONG,KORANDO,KORANDO,DIESEL,2006+,CAPSA,15APCG ,1497588
0,SSANG YONG,KYRON,KYRON,DIESEL,2006+,CAPSA,15APCG ,1497588
0,SSANG YONG,REXTON,REXTON,DIESEL,2006+,CAPSA,15APCG ,1497588
0,TOYOTA,CALDINA,CALDINA,DIESL,2000-,CAPSA,15APCG  ,1497588
0,TOYOTA,CALDINA,CALDINA,DIESEL,2000+,CAPSA,15APCG  ,1497588
0,TOYOTA,CALDINA,CALDINA,DIESEL,2006+,CAPSA,15APCG  ,1497588
0,HYUNDAI,CHASISGALLOPER,"CHASIS, GALLOPER",DIESEL,2000-,CAPSA,15APCG / 1731P,1497588 / 1635239
0,HYUNDAI,GRACE,GRACE,DIESEL,2000-,CAPSA,15APCG / 1731P,1497588 / 1635239
0,HYUNDAI,GRACEVANDLX7GS,GRACE VAN DLX7GS,DIESEL,2000-,CAPSA,15APCG / 1731P,1497588 / 1635239
0,HYUNDAI,H1H100BUS,"H1, H100 BUS",DIESEL,2000-,CAPSA,15APCG / 1731P,1497588 / 1635239
0,HYUNDAI,H350,H350,DIESEL,2000-,CAPSA,15APCG / 1731P,1497588 / 1635239
0,HYUNDAI,PANELSTAREXSANTAFECM,"PANEL,  STAREX, SANTA FE CM",DIESEL,2000-,CAPSA,15APCG / 1731P,1497588 / 1635239
0,HYUNDAI,PORTERPORTERSUPER,"PORTER, PORTER SUPER",DIESEL,2000-,CAPSA,15APCG / 1731P,1497588 / 1635239
0,KIA,CARENSCARNIVALK2700,CARENS - CARNIVAL - K2700,DIESEL,2000-,CAPSA,15APCG / 1731P,1497588 / 1635239
0,KIA,PREGIO,PREGIO,DIESEL,2000-,CAPSA,15APCG / 1731P,1497588 / 1635239
0,KIA,SPORTAGESORENTO,SPORTAGE - SORENTO,GASOLINA,2000-,CAPSA,15APCG / 1731P,1497588 / 1635239
0,HYUNDAI,CHASISGALLOPER,"CHASIS, GALLOPER",DIESEL,2000+,CAPSA,15APCG / 1731P,1497588 / 1635239
0,HYUNDAI,H1H100BUS,"H1, H100 BUS",DIESEL,2000+,CAPSA,15APCG / 1731P,1497588 / 1635239
0,HYUNDAI,H350,H350,DIESEL,2000+,CAPSA,15APCG / 1731P,1497588 / 1635239
0,HYUNDAI,PANELSTAREXSANTAFECM,"PANEL,  STAREX, SANTA FE CM",DIESEL,2000+,CAPSA,15APCG / 1731P,1497588 / 1635239
0,KIA,CARENSCARNIVALK2700,CARENS - CARNIVAL - K2700,DIESEL,2000+,CAPSA,15APCG / 1731P,1497588 / 1635239
0,KIA,PREGIO,PREGIO,DIESEL,2000+,CAPSA,15APCG / 1731P,1497588 / 1635239
0,KIA,SPORTAGESORENTO,SPORTAGE - SORENTO,GASOLINA,2000+,CAPSA,15APCG / 1731P,1497588 / 1635239
0,HYUNDAI,CHASISGALLOPER,"CHASIS, GALLOPER",DIESEL,2006+,CAPSA,15APCG / 1731P,1497588 / 1635239
0,HYUNDAI,H1H100BUS,"H1, H100 BUS",DIESEL,2006+,CAPSA,15APCG / 1731P,1497588 / 1635239
0,HYUNDAI,H350,H350,DIESEL,2006+,CAPSA,15APCG / 1731P,1497588 / 1635239
0,HYUNDAI,PANELSTAREXSANTAFECM,"PANEL,  STAREX, SANTA FE CM",DIESEL,2006+,CAPSA,15APCG / 1731P,1497588 / 1635239
0,KIA,CARENSCARNIVALK2700,CARENS - CARNIVAL - K2700,DIESEL,2006+,CAPSA,15APCG / 1731P,1497588 / 1635239
0,KIA,PREGIO,PREGIO,DIESEL,2006+,CAPSA,15APCG / 1731P,1497588 / 1635239
0,KIA,SPORTAGESORENTO,SPORTAGE - SORENTO,GASOLINA,2006+,CAPSA,15APCG / 1731P,1497588 / 1635239
0,CITROEN,C15DIESEL,C15 DIESEL,DIESEL,2000-,CAPSA,15APCGI,1409638
0,CITROEN,AXDIESEL,AX DIESEL,DIESEL,2000-,CAPSA,15APCGI,1409638
0,CITROEN,JUNPER25DIESEL,JUNPER 2.5 DIESEL,DIESEL,2000-,CAPSA,15APCGI,1409638
0,CITROEN,C15DIESEL,C15 DIESEL,DIESEL,2000+,CAPSA,15APCGI,1409638
0,CITROEN,AXDIESEL,AX DIESEL,DIESEL,2000+,CAPSA,15APCGI,1409638
0,CITROEN,JUNPER25DIESEL,JUNPER 2.5 DIESEL,DIESEL,2000+,CAPSA,15APCGI,1409638
0,CITROEN,C15DIESEL,C15 DIESEL,DIESEL,2006+,CAPSA,15APCGI,1409638
0,CITROEN,AXDIESEL,AX DIESEL,DIESEL,2006+,CAPSA,15APCGI,1409638
0,CITROEN,JUNPER25DIESEL,JUNPER 2.5 DIESEL,DIESEL,2006+,CAPSA,15APCGI,1409638
0,BMW,316I,316I,GASOLINA,2000-,CAPSA,15MBI,1497896
0,BMW,318Z3,318-Z3,GASOLINA,2000-,CAPSA,15MBI,1497896
0,BMW,325IZ319523I,325I-Z3  1.9-523I,GASOLINA,2000-,CAPSA,15MBI,1497896
0,BMW,520I528I540I735I,"520I, 528I,  540I-735I",GASOLINA,2000-,CAPSA,15MBI,1497896
0,BMW,840CI850CI,"840CI, 850CI",GASOLINA,2000-,CAPSA,15MBI,1497896
0,CHEVROLET,CAMAROCORSICA,CAMARO - CORSICA,GASOLINA,2000-,CAPSA,15MBI,1497596
0,FIAT,DUCATOCARAVANPALIOCLUBSCR,"DUCATO, CARAVAN , PALIO, CLUB SCR",GASOLINA,2000-,CAPSA,15MBI,1497596
0,HYUNDAI,GENESIS,GENESIS,GASOLINA,2000-,CAPSA,15MBI,1497596
0,JEEP,COMANCHE,COMANCHE,GASOLINA,2000-,CAPSA,15MBI,1497896
0,JEEP,COMMANDER,COMMANDER,GASOLINA,2000-,CAPSA,15MBI,1497896
0,Land-Rover,FREELANDERBASEAUTOMASESPORT,"FREELANDER (BASE AUTOMA, SE, SPORT)",GASOLINA,2000-,CAPSA,15MBI,1497596
0,Land-Rover,RANGERROVER,RANGER ROVER,GASOLINA,2000-,CAPSA,15MBI,1497596
0,Land-Rover,RANGERROVERV84OLV846L,RANGER ROVER V8 4.OL V8 4.6L ,GASOLINA,2000-,CAPSA,15MBI,1497596
0,Mercedes-Benz,190E,190E,GASOLINA,2000-,CAPSA,15MBI,1497596
0,Mercedes-Benz,300CEDESDSESELSLTE,"300CE,D,E,SD, SE, SEL, SL, TE, ",GASOLINA,2000-,CAPSA,15MBI,1497596
0,Mercedes-Benz,350SDSDL400ESESEL420SEL,"350SD, SDL,  400E, SE, SEL,  420SEL",GASOLINA,2000-,CAPSA,15MBI,1497596
0,Mercedes-Benz,500ESECSELSL,"500E, SEC, SEL, SL, ",GASOLINA,2000-,CAPSA,15MBI,1497596
0,Mercedes-Benz,560SEL,560SEL,GASOLINA,2000-,CAPSA,15MBI,1497596
0,Mercedes-Benz,600SECSELSLC220C320,"600SEC, SEL, SL,   C220,  C-320",GASOLINA,2000-,CAPSA,15MBI,1497596
0,Mercedes-Benz,B200C230,"B200,  C230, ",GASOLINA,2000-,CAPSA,15MBI,1497596
0,Mercedes-Benz,E300E320E350E430E500,"E300,  E320,  E350,  E430,  E500",GASOLINA,2000-,CAPSA,15MBI,1497596
0,Mercedes-Benz,L1113LP1419LPS1525L1113L1418LS1418,L1113 - LP1419 - LPS1525 - L1113 - L1418 - LS1418,GASOLINA,2000-,CAPSA,15MBI,1497596
0,Mercedes-Benz,ML320ML430ML450ML500ML550,"ML320, ML430,  ML450,  ML500, ML550",GASOLINA,2000-,CAPSA,15MBI,1497596
0,Mercedes-Benz,R320R350R500S450S500S550S600,"R320, R350, R500, S450, S500, S550, S600",GASOLINA,2000-,CAPSA,15MBI,1497596
0,Mercedes-Benz,S320S350S400S420S430,"S320, S350, S400, S420, S430, ",GASOLINA,2000-,CAPSA,15MBI,1497596
0,PORSCHE,911,911,GASOLINA,2000-,CAPSA,15MBI,1497596
0,PORSCHE,928,928,GASOLINA,2000-,CAPSA,15MBI,1497596
0,PORSCHE,968,968,GASOLINA,2000-,CAPSA,15MBI,1497596
0,PORSCHE,CARRERA,CARRERA,GASOLINA,2000-,CAPSA,15MBI,1497596
0,PORSCHE,CAYENNE,CAYENNE,GASOLINA,2000-,CAPSA,15MBI,1497596
0,PORSCHE,PANAMERA,PANAMERA,GASOLINA,2000-,CAPSA,15MBI,1497596
0,BMW,316I,316I,GASOLINA,2000+,CAPSA,15MBI,1497896
0,BMW,318Z3,318-Z3,GASOLINA,2000+,CAPSA,15MBI,1497896
0,BMW,325IZ319523I,325I-Z3  1.9-523I,GASOLINA,2000+,CAPSA,15MBI,1497896
0,BMW,520I528I540I735I,"520I, 528I,  540I-735I",GASOLINA,2000+,CAPSA,15MBI,1497896
0,BMW,840CI850CI,"840CI, 850CI",GASOLINA,2000+,CAPSA,15MBI,1497896
0,CHEVROLET,CAMAROCORSICA,CAMARO - CORSICA,GASOLINA,2000+,CAPSA,15MBI,1497596
0,FIAT,DUCATOCARAVANPALIOCLUBSCR,"DUCATO, CARAVAN , PALIO, CLUB SCR",GASOLINA,2000+,CAPSA,15MBI,1497596
0,HYUNDAI,COUPETUBURON,COUPE TUBURON,GASOLINA,2000+,CAPSA,15MBI,1497596
0,HYUNDAI,GENESIS,GENESIS,GASOLINA,2000+,CAPSA,15MBI,1497596
0,JEEP,COMANCHE,COMANCHE,GASOLINA,2000+,CAPSA,15MBI,1497896
0,JEEP,COMMANDER,COMMANDER,GASOLINA,2000+,CAPSA,15MBI,1497896
0,Land-Rover,FREELANDERBASEAUTOMASESPORT,"FREELANDER (BASE AUTOMA, SE, SPORT)",GASOLINA,2000+,CAPSA,15MBI,1497596
0,Land-Rover,RANGERROVER,RANGER ROVER,GASOLINA,2000+,CAPSA,15MBI,1497596
0,Land-Rover,RANGERROVERV84OLV846L,RANGER ROVER V8 4.OL V8 4.6L ,GASOLINA,2000+,CAPSA,15MBI,1497596
0,Mercedes-Benz,190E,190E,GASOLINA,2000+,CAPSA,15MBI,1497596
0,Mercedes-Benz,300CEDESDSESELSLTE,"300CE,D,E,SD, SE, SEL, SL, TE, ",GASOLINA,2000+,CAPSA,15MBI,1497596
0,Mercedes-Benz,350SDSDL400ESESEL420SEL,"350SD, SDL,  400E, SE, SEL,  420SEL",GASOLINA,2000+,CAPSA,15MBI,1497596
0,Mercedes-Benz,500ESECSELSL,"500E, SEC, SEL, SL, ",GASOLINA,2000+,CAPSA,15MBI,1497596
0,Mercedes-Benz,560SEL,560SEL,GASOLINA,2000+,CAPSA,15MBI,1497596
0,Mercedes-Benz,600SECSELSLC220C320,"600SEC, SEL, SL,   C220,  C-320",GASOLINA,2000+,CAPSA,15MBI,1497596
0,Mercedes-Benz,B200C230,"B200,  C230, ",GASOLINA,2000+,CAPSA,15MBI,1497596
0,Mercedes-Benz,E300E320E350E430E500,"E300,  E320,  E350,  E430,  E500",GASOLINA,2000+,CAPSA,15MBI,1497596
0,Mercedes-Benz,L1113LP1419LPS1525L1113L1418LS1418,L1113 - LP1419 - LPS1525 - L1113 - L1418 - LS1418,GASOLINA,2000+,CAPSA,15MBI,1497596
0,Mercedes-Benz,ML320ML430ML450ML500ML550,"ML320, ML430,  ML450,  ML500, ML550",GASOLINA,2000+,CAPSA,15MBI,1497596
0,Mercedes-Benz,R320R350R500S450S500S550S600,"R320, R350, R500, S450, S500, S550, S600",GASOLINA,2000+,CAPSA,15MBI,1497596
0,Mercedes-Benz,S320S350S400S420S430,"S320, S350, S400, S420, S430, ",GASOLINA,2000+,CAPSA,15MBI,1497596
0,PORSCHE,911,911,GASOLINA,2000+,CAPSA,15MBI,1497596
0,PORSCHE,928,928,GASOLINA,2000+,CAPSA,15MBI,1497596
0,PORSCHE,968,968,GASOLINA,2000+,CAPSA,15MBI,1497596
0,PORSCHE,CARRERA,CARRERA,GASOLINA,2000+,CAPSA,15MBI,1497596
0,PORSCHE,CAYENNE,CAYENNE,GASOLINA,2000+,CAPSA,15MBI,1497596
0,PORSCHE,PANAMERA,PANAMERA,GASOLINA,2000+,CAPSA,15MBI,1497596
0,CHEVROLET,CRUZE,CRUZE,GASOLIINA,2006+,CAPSA,15MBI,1497596
0,BMW,316I,316I,GASOLINA,2006+,CAPSA,15MBI,1497896
0,BMW,318Z3,318-Z3,GASOLINA,2006+,CAPSA,15MBI,1497896
0,BMW,325IZ319523I,325I-Z3  1.9-523I,GASOLINA,2006+,CAPSA,15MBI,1497896
0,BMW,520I528I540I735I,"520I, 528I,  540I-735I",GASOLINA,2006+,CAPSA,15MBI,1497896
0,BMW,840CI850CI,"840CI, 850CI",GASOLINA,2006+,CAPSA,15MBI,1497896
0,CHEVROLET,CAMAROCORSICA,CAMARO - CORSICA,GASOLINA,2006+,CAPSA,15MBI,1497596
0,FIAT,DUCATOCARAVANPALIOCLUBSCR,"DUCATO, CARAVAN , PALIO, CLUB SCR",GASOLINA,2006+,CAPSA,15MBI,1497596
0,HYUNDAI,COUPETUBURON,COUPE TUBURON,GASOLINA,2006+,CAPSA,15MBI,1497596
0,JEEP,COMANCHE,COMANCHE,GASOLINA,2006+,CAPSA,15MBI,1497896
0,JEEP,COMMANDER,COMMANDER,GASOLINA,2006+,CAPSA,15MBI,1497896
0,Land-Rover,FREELANDERBASEAUTOMASESPORT,"FREELANDER (BASE AUTOMA, SE, SPORT)",GASOLINA,2006+,CAPSA,15MBI,1497596
0,Land-Rover,RANGERROVER,RANGER ROVER,GASOLINA,2006+,CAPSA,15MBI,1497596
0,Land-Rover,RANGERROVERV84OLV846L,RANGER ROVER V8 4.OL V8 4.6L ,GASOLINA,2006+,CAPSA,15MBI,1497596
0,Mercedes-Benz,190E,190E,GASOLINA,2006+,CAPSA,15MBI,1497596
0,Mercedes-Benz,300CEDESDSESELSLTE,"300CE,D,E,SD, SE, SEL, SL, TE, ",GASOLINA,2006+,CAPSA,15MBI,1497596
0,Mercedes-Benz,350SDSDL400ESESEL420SEL,"350SD, SDL,  400E, SE, SEL,  420SEL",GASOLINA,2006+,CAPSA,15MBI,1497596
0,Mercedes-Benz,500ESECSELSL,"500E, SEC, SEL, SL, ",GASOLINA,2006+,CAPSA,15MBI,1497596
0,Mercedes-Benz,560SEL,560SEL,GASOLINA,2006+,CAPSA,15MBI,1497596
0,Mercedes-Benz,600SECSELSLC220C320,"600SEC, SEL, SL,   C220,  C-320",GASOLINA,2006+,CAPSA,15MBI,1497596
0,Mercedes-Benz,B200C230,"B200,  C230, ",GASOLINA,2006+,CAPSA,15MBI,1497596
0,Mercedes-Benz,E300E320E350E430E500,"E300,  E320,  E350,  E430,  E500",GASOLINA,2006+,CAPSA,15MBI,1497596
0,Mercedes-Benz,L1113LP1419LPS1525L1113L1418LS1418,L1113 - LP1419 - LPS1525 - L1113 - L1418 - LS1418,GASOLINA,2006+,CAPSA,15MBI,1497596
0,Mercedes-Benz,ML320ML430ML450ML500ML550,"ML320, ML430,  ML450,  ML500, ML550",GASOLINA,2006+,CAPSA,15MBI,1497596
0,Mercedes-Benz,R320R350R500S450S500S550S600,"R320, R350, R500, S450, S500, S550, S600",GASOLINA,2006+,CAPSA,15MBI,1497596
0,Mercedes-Benz,S320S350S400S420S430,"S320, S350, S400, S420, S430, ",GASOLINA,2006+,CAPSA,15MBI,1497596
0,PORSCHE,911,911,GASOLINA,2006+,CAPSA,15MBI,1497596
0,PORSCHE,928,928,GASOLINA,2006+,CAPSA,15MBI,1497596
0,PORSCHE,968,968,GASOLINA,2006+,CAPSA,15MBI,1497596
0,PORSCHE,CARRERA,CARRERA,GASOLINA,2006+,CAPSA,15MBI,1497596
0,PORSCHE,CAYENNE,CAYENNE,GASOLINA,2006+,CAPSA,15MBI,1497596
0,PORSCHE,PANAMERA,PANAMERA,GASOLINA,2006+,CAPSA,15MBI,1497596
0,CHEVROLET,BRIGADIERTANDEMBUSESESCOLARES,"BRIGADIER TANDEM, BUSES ESCOLARES",DIESEL,2000-,CAPSA,234D,1635247
0,CHEVROLET,SUPERBRIGADIER,SUPERBRIGADIER,DIESEL,2000-,CAPSA,234D,1635247
0,CHEVROLET,BRIGADIERTANDEMBUSESESCOLARES,"BRIGADIER TANDEM, BUSES ESCOLARES",GASOLINA,2000+,CAPSA,234D,1635247
0,CHEVROLET,SUPERBRIGADIER,SUPERBRIGADIER,,2000+,CAPSA,234D,1635247
0,FAW,F4F5,"F4,  F5",GASOLINA,2000+,CAPSA,HL - 11  PRO / FF- 11 PD AD,222275 / 1898205
0,FAW,F4F5,"F4,  F5",GASOLINA,2006+,CAPSA,HL - 11  PRO / FF- 11 PD AD,222275 / 1898205
0,HYUNDAI,i10,i 10,GASOLINA,2006+,CAPSA,HL11-PRO - FF11/PD AD / PL,222275/ 1898205 / 1845772
0,HYUNDAI,i30,i 30,GASOLINA,2006+,CAPSA,HL11-PRO - FF11/PD AD / PL,222275/ 1898205 / 1845773
0,HYUNDAI,AZERAMATRIX,"AZERA, MATRIX",GASOLINA,2000-,CAPSA,W-13 PRO / V-13 INV PL,2222305 / 1898245
0,HYUNDAI,AZERAMATRIX,"AZERA, MATRIX",GASOLINA,2000+,CAPSA,W-13 PRO / V-13 INV PL,2222305 / 1898245
0,HYUNDAI,AZERAMATRIX,"AZERA, MATRIX",GASOLINA,2006+,CAPSA,W-13 PRO / V-13 INV PL,2222305 / 1898245
