,AUDI,AUDI1,"A3 1.8  TURBO,  A4 2.8 , A4 , A6 2.8",,,,,
,AUDI,AUDI1,"A3 1.8  TURBO,  A4 2.8 , A4 , A6 2.8",,,CAPSA,1731P,1635239
,AUDI,AUDI2,"A3 1.8 ,  A4 1.8  SEDAN,  A4 1.8  TURBO",,,CAPSA,1731P,1635239
,AUDI,AUDI2,"A3 1.8 ,  A4 1.8  SEDAN,  A4 1.8  TURBO",,,ENERJET, 11W75N / 13W75N ,1862928 - 1839632
,AUDI,AUDI3,"A3 2.0L DIESEL, A3 3.2L ",,,CAPSA,13W,149757X
,AUDI,AUDI4,"A4 3.2L, A5 QUATTRO",,,CAPSA,15MBI,1497596
,AUDI,AUDI5,"A6, A8, A8W12, ",,,CAPSA,15MBI,1497596
,AUDI,AUDI5,"A6, A8, A8W12, ",,,CAPSA,15MBI,1497596
,AUDI,AUDI6,"Q5, Q7, R8, S4",,,ENERJET, 11W75N / 13W75N ,1862928 - 1839632
,AUDI,AUDI6,"Q5, Q7, R8, S4",,,CAPSA,11WI,1409603
,AUDI,AUDI7,"TT, TT1.8, TT3.2, TTS2.0",,,CAPSA,15MBI,1497596
,BMW,BMW1,316I,,,ENERJET,11T56,1862901
,BMW,BMW1,316I,,,CAPSA,15APCG,1497588
,BMW,BMW2,318-Z3,,,ENERJET,15MB90,1862936
,BMW,BMW2,318-Z3,,,CAPSA,15MBI,1497596
,BMW,BMW3,325I-Z3  1.9-523I,,,,,
,BMW,BMW3,325I-Z3  1.9-523I,,,CAPSA,1731P,1635239
,BMW,BMW4,"520I, 528I,  540I-735I",,,ENERJET,15MB90,1862936
,BMW,BMW4,"520I, 528I,  540I-735I",,,CAPSA,13WI,140962X
,BMW,BMW5,"840CI, 850CI",,,ENERJET,13DA80,
,BMW,BMW5,"840CI, 850CI",,,CAPSA,1135,1634798
0,CHEVROLET,CHEVROLET1,AVEO,,,ENERJET,15M99,1839640
,CHEVROLET,CHEVROLET2,"BRIGADIER TANDEM, BUSES ESCOLARES",,,CAPSA,15APCG,1497588
,CHEVROLET,CHEVROLET3,BUS LT-500,,,ENERJET,13W75,1839632
,CHEVROLET,CHEVROLET4,CAMARO - CORSICA,,,CAPSA,13WI,140962X
,CHEVROLET,CHEVROLET4,CAMARO - CORSICA,,,ENERJET,13W75,1839632
,CHEVROLET,CHEVROLET5,CAPTIVA,,,CAPSA,13API,1409611
,CHEVROLET,CHEVROLET6,"CAVALIER, CELEBRITY",,,ENERJET,11D56,1839608
,CHEVROLET,CHEVROLET7,CHEVETTE - SWIFT,,,CAPSA,10FDI,1511653
,CHEVROLET,CHEVROLET8,CORSA - ASTRA 18,,,ENERJET,15M99,1839640
,CHEVROLET,CHEVROLET8,CORSA - ASTRA 18,,,CAPSA,15APCG,1497588
,CHEVROLET,CHEVROLET9,CRUZE,,,ENERJET,13W75,1839632
,CHEVROLET,CHEVROLET10,LUV-PICK UP,,,CAPSA,1135,1634798
,CHEVROLET,CHEVROLET10,LUV-PICK UP,,,CAPSA,13WI,140962X
,CHEVROLET,CHEVROLET11,MONZA,,,CAPSA,11WI,1409603
,CHEVROLET,CHEVROLET11,MONZA,,,CAPSA,11WI,1409603
,CHEVROLET,CHEVROLET12,"SAIL, SONIC",,,ENERJET,15M99,1839640
,CHEVROLET,CHEVROLET13,SUPERBRIGADIER,,,CAPSA,15APCG,1497588
,CHEVROLET,CHEVROLET14,VECTRA,,,ENERJET, 13S85,1839616
,CHEVROLET,CHEVROLET14,VECTRA,,,CAPSA,13API,1409611
,CITROEN,CITROEN1,AMI 8,,,CAPSA,15APCG,1497588
,CITROEN,CITROEN2,AX ALLURE,,,ENERJET,11D56 / 11T56,
,CITROEN,CITROEN2,AX ALLURE,,,CAPSA,11TODI,163478X
,CITROEN,CITROEN3,AX DIESEL,,,,,
,CITROEN,CITROEN4,BERLINGO,,,ENERJET,13S85 / 13SB84,1839616
,CITROEN,CITROEN5,C15 DIESEL,,,CAPSA,11API,1888242
,CITROEN,CITROEN6,C3,,,,,
,CITROEN,CITROEN7,"C4 HDI,",,,ENERJET,13S85  / 11D56 / 13SB84,
,CITROEN,CITROEN8,JUNPER 2.5 DIESEL,,,CAPSA,13API,1409611
,CITROEN,CITROEN8,JUNPER 2.5 DIESEL,,,,,
,CITROEN,CITROEN9,SAXO SX1.4 - VTR1.6,,,ENERJET,15M99,1839640
,CITROEN,CITROEN9,SAXO VTS 16V,,,CAPSA,15APCG,1497588
,CITROEN,CITROEN10,XANTIA (SX-ACTIVAS),,,CAPSA,13API,1409611
,CITROEN,CITROEN1,XM - V16 - BX - GTI,,,CAPSA,15APCG,1497588
,CITROEN,CITROEN12,XSARA SX 16V,,,ENERJET,13S85 / 11D56,1839616 - 1839608
,CITROEN,CITROEN12,XSARA SX 16V,,,CAPSA,13API,1409611
,CITROEN,CITROEN13,"ZX - XANTIA BREAK, ZX DIESEL",,,CAPSA,15APCG,1497588
,DAEWOO,DAEWOO1,CIELO,,,CAPSA,15MBI,1497596
,DAEWOO,DAEWOO1,CIELO,,,,,
,DAEWOO,DAEWOO2,"ESPERO, LANOS, NUBIRA SEDAN/WAGON",,,,,
,DAEWOO,DAEWOO2,"ESPERO, LANOS, NUBIRA SEDAN/WAGON",,,ENERJET,13W75,1839632
,DAEWOO,DAEWOO3,"KORANDO 2.3, M USSO",,,CAPSA,15MBI,1497596
,DAEWOO,DAEWOO3,"KORANDO 2.3, M USSO",,,ENERJET,13W75,1839632
,DAEWOO,DAEWOO4,"LEGANZA, PRINCE, JEREZ",,,CAPSA,15MBI,1497596
,DAEWOO,DAEWOO4,"LEGANZA, PRINCE, JEREZ",,,ENERJET,13W75,1839632
,DAEWOO,DAEWOO5,RACER,,,CAPSA,15MBI,1497596
,DAEWOO,DAEWOO6,RACER ETI,,,ENERJET,11W63 / 13W75,1862928 - 1839632
,DAEWOO,DAEWOO7,"TICO - MATIZ, LABO ,  DAMAS",,,CAPSA,13WI,140962X
,DAEWOO,DAEWOO7,"TICO - MATIZ, LABO ,  DAMAS",,,ENERJET,11W63 / 13W75,1862928 - 1839632
,DAIHATSU,DAIHATSU1,"CHARADE II,III, IV, ",,,CAPSA,13WI,140962X
,DAIHATSU,DAIHATSU1,"CHARADE II,III, IV, ",,,ENERJET,11W63 / 13W75,1862928 - 1839632
,DAIHATSU,DAIHATSU2,"COURE I, II,III,IV,V,VI,VII,VIII",,,CAPSA,13WI,140962X
,DAIHATSU,DAIHATSU3,DELTA CHASIS 2T - V57,,,ENERJET,13S85,
,DAIHATSU,DAIHATSU3,DELTA CHASIS V118 CAM,,,CAPSA,15MBI,1497596
,DAIHATSU,DAIHATSU4,DELTAV 116,,,ENERJET,15MB90,1862936
,DAIHATSU,DAIHATSU5,GRAN MOVE G3,,,CAPSA,15MBI,1497596
,DAIHATSU,DAIHATSU5,GRAN MOVE G3,,,CAPSA,15MBI,1497596
,DAIHATSU,DAIHATSU6,"ROCKY ,  SIRION M1, M3,  FEROZA",,,ENERJET,11D56,1839608
,DAIHATSU,DAIHATSU6,"ROCKY ,  SIRION M1, M3,  FEROZA",,,ENERJET,11T56,1862901
,DAIHATSU,DAIHATSU7,"SIRION - APLAUSE, APLAUSE II",,,ENERJET,15MB90,1862936
,DAIHATSU,DAIHATSU7,"SIRION - APLAUSE, APLAUSE II",,,ENERJET,13S85  / 15M99,1839616 - 1839640
,DAIHATSU,DAIHATSU8,TERIOS,,,ENERJET,13S85  / 15M99,1839616 - 1839640
,DAIHATSU,DAIHATSU8,TERIOS,,,ENERJET,13S85  / 15M99,1839616 - 1839640
,DATSUN,DATSUN9,100  A - 120 A,,,ENERJET,13S85  / 15M99,1839616 - 1839640
,DATSUN,DATSUN10,140 J - 160 J,,,ENERJET,13S85  / 15M99,1839616 - 1839640
,DODGE,DODGE1,AVENGER,,,ENERJET,11T56 / 11D56 ,1862901 - 1839608
,DODGE,DODGE2,"CARAVAN,  GRAN CARABAN, CHALLENGER",,,CAPSA,13TODI,1634771
,DODGE,DODGE2,"CARAVAN,  GRAN CARABAN, CHALLENGER",,,CAPSA,11TOI,149760X
,DODGE,DODGE3,"DAKOTA, DURANGO",,,CAPSA,15APCGI,1409638
,DODGE,DODGE3,"DAKOTA, DURANGO",,,CAPSA,13TODI,1634771
,DODGE,DODGE4,"DAYTONA,DIPLOMAT,Intrepid,Lancer,Viper",,,CAPSA,15APCGI,1409638
,DODGE,DODGE5,"MONACO,SPIRIT,CALIBER,COLT,RAIDER",,,CAPSA,15APCGI,1409638
,DODGE,DODGE6,"PALIO (SEDN, HATCHBACK, Y AVENTURE)",,,CAPSA,13API,1409611
,DODGE,DODGE7,SIENA/STRADA/TEMPRA,,,CAPSA,15APCGI,1409638
,DODGE,DODGE8,SPIRIT 2500  3500,,,CAPSA,13TOI,1635220
,FAW,FAW1,F1,,,CAPSA,13API,1409611
,FAW,FAW2,"F4,  F5",,,CAPSA,13WI,140962X
,FIAT,FIAT3,"ALBEA, BRAVO, IDEA, ADVENTURE",,,,,
,FIAT,FIAT3,"ALBEA, BRAVO, IDEA, ADVENTURE",,,CAPSA,13API,1409611
,FIAT,FIAT4,"DUCATO, CARAVAN , PALIO, CLUB SCR",,,CAPSA,13API,1409611
,FIAT,FIAT4,"DUCATO, CARAVAN , PALIO, CLUB SCR",,,ENERJET,13S85,1839616
,FIAT,FIAT5,"PANADA, Y STILO",,,ENERJET,13W75,1839632
,FIAT,FIAT6,"UNO, MILLE, 70S, 1300, 128 SAN REMO, 1300, ",,,ENERJET,13W75,1839632
,FIAT,FIAT6,"UNO, MILLE, 70S, 1300, 128 SAN REMO, 1300, ",,,ENERJET,15M99,1839640
,FORD,FORD1,"BRONCO, II",,,CAPSA,13API,1409611
,FORD,FORD1,"BRONCO, II",,,CAPSA,1135,1634798
,FORD,FORD2,CONTOUR/MONDEO,,,CAPSA,13W,149757X
,FORD,FORD3,ECOSPORT,,,CAPSA,15APCG,1497588
,FORD,FORD3,ECOSPORT,,,CAPSA,10FDI,1511653
,FORD,FORD4,ESCORT,,,CAPSA,15APCG,1497588
,FORD,FORD5,EXPEDITION,,,CAPSA,1135,1634798
,FORD,FORD6,EXPLORER/RANGER 3.0/4.0,,,CAPSA,1135,1634798
,FORD,FORD7,"F150,250,350,800, 8000, 6000, D500,LTI9000",,,CAPSA,15MBI,1497596
,FORD,FORD8,"FESTIVA, FIESTA, KA,  GRADADA, ORION",,,CAPSA,15APCG,1497588
,FORD,FORD8,"FESTIVA, FIESTA, KA,  GRADADA, ORION",,,CAPSA,15APCG,1497588
,FORD,FORD9,MERCURY,,,CAPSA,15APCG,1497588
,FORD,FORD10,RANGER,,,,,
,FORD,FORD10,RANGER,,,,,
,FORD,FORD11,RANGER /TAURUS ,,,CAPSA,15APCG,1497588
,FORD,FORD11,RANGER /TAURUS ,,,CAPSA,15APCG,1497588
,HONDA,HONDA1,ACCORD - 4 CIL,,,CAPSA,11WI,1409603
,HONDA,HONDA1,ACCORD - 4 CIL,,,CAPSA,13API,1409611
,HONDA,HONDA2,ACCORD - 6 CIL,,,CAPSA,15APCGI,1409638
,HONDA,HONDA3,CIVIC,,,CAPSA,13API,1409611
,HONDA,HONDA3,CIVIC,,,ENERJET,11D56,1839608
,HONDA,HONDA4,CR-V   - RVI,,,ENERJET,15M99,1839640
,HONDA,HONDA5,ELANTRA,,,ENERJET,13W75 /15MB90,1839632  -  1862936
,HONDA,HONDA6,INTEGRA,,,ENERJET,11W63 / 13W75,1862928 - 1839632
,HONDA,HONDA6,INTEGRA,,,ENERJET,11W63 / 13W75,1862928 - 1839632
,HONDA,HONDA7,PILOT,,,CAPSA,10FDI,1511653
,HONDA,HONDA8,"PRELUDE/CRV,  LEGEND",,,CAPSA,15APCG,1497588
,HONDA,HONDA9,RVSI,,,CAPSA,15MBI,1497596
,HONDA,HONDA10,TORNEO,,,CAPSA,11WI,1409603
,HYUNDAI,HYUNDAI1,ACCENT,,,CAPSA,13W,149757X
,HYUNDAI,HYUNDAI1,ACCENT,,,CAPSA,13WI,140962X
,HYUNDAI,HYUNDAI2,"AZERA, MATRIX",,,CAPSA,13WI,140962X
,HYUNDAI,HYUNDAI3,"CHASIS, GALLOPER",,,ENERJET,15MB90,1862936
,HYUNDAI,HYUNDAI4,COUPE TUBURON,,,ENERJET,15MB90,1862936
,HYUNDAI,HYUNDAI5,ELANTRA,,,ENERJET,11W63 - 13W75,1862928 - 1839632
,HYUNDAI,HYUNDAI6,EXCELL,,,ENERJET,11W63 - 13W75,1862928 - 1839632
,HYUNDAI,HYUNDAI6,EXCELL,,,CAPSA,15MBI,1497596
,HYUNDAI,HYUNDAI7,GENESIS,,,CAPSA,15MBI,1497596
,HYUNDAI,HYUNDAI8,GRACE,,,CAPSA,13WI,140962X
,HYUNDAI,HYUNDAI9,GRACE VAN DLX7GS,,,CAPSA,13WI,140962X
,HYUNDAI,HYUNDAI10,"H1, H100 BUS",,,CAPSA,13WI,140962X
,HYUNDAI,HYUNDAI10,"H1, H100 BUS",,,CAPSA,15MBI,1497596
,HYUNDAI,HYUNDAI11,H350,,,CAPSA,15MBI,1497596
,HYUNDAI,HYUNDAI12,i 10,,,ENERJET,15MB90,1862936
,HYUNDAI,HYUNDAI13,i 30,,,ENERJET,15MB90,1862936
,HYUNDAI,HYUNDAI14,"PANEL,  STAREX, SANTA FE CM",,,ENERJET,15MB90,1862936
,HYUNDAI,HYUNDAI15,"PORTER, PORTER SUPER",,,ENERJET,15MB90,1862936
,HYUNDAI,HYUNDAI16,SCOUPE,,,ENERJET,15MB90,1862936
,HYUNDAI,HYUNDAI17,SONATA ,,,CAPSA,15MBI,1497596
,HYUNDAI,HYUNDAI17,SONATA ,,,CAPSA,15MBI,1497596
,HYUNDAI,HYUNDAI18,"SONATA I , SONATA II, SANTA FE SM",,,CAPSA,15MBI,1497596
,HYUNDAI,HYUNDAI19,"TUCSON, VAN, TERRACAN, ",,,CAPSA,15MBI,1497596
,HYUNDAI,HYUNDAI20,VERACRUZ,,,CAPSA,15MBI,1497596
,ISUZU,ISUZU1,"AMIGO,  AXIOM,  FARGO",,,ENERJET,11T56,1862901
,ISUZU,ISUZU2,GEMINI,,,ENERJET,11W63 / 13W75,1862928 - 1839632
,ISUZU,ISUZU3,IMPULSE,,,ENERJET,11W63 / 13W75,1862928 - 1839632
,ISUZU,ISUZU4,JOURNEY,,,ENERJET,11W63 / 13W75,1862928 - 1839632
,ISUZU,ISUZU5,OASIS,,,ENERJET,13AD80,
,ISUZU,ISUZU6,RODEO,,,CAPSA,13API,1409611
,ISUZU,ISUZU7,TROPER,,,CAPSA,11WI,1409603
,JEEP,JEEP1,CHEROKE,,,CAPSA,11WI,1409603
,JEEP,JEEP2,COMANCHE,,,CAPSA,13WI,140962X
,JEEP,JEEP3,COMMANDER,,,CAPSA,13WI,140962X
,JEEP,JEEP4,GRAND CHEROKEE,,,CAPSA,15APCG,1497588
,JEEP,JEEP5,LIBERTY,,,CAPSA,15APCG,1497588
,JEEP,JEEP6,PATRIOT,,,CAPSA,15APCG,1497588
,JEEP,JEEP7,WRANGLER,,,CAPSA,13API,1409611
,JEEP,JEEP7,WRANGLER,,,CAPSA,10FDI,1511653
,KIA,KIA1,CAPITAL - PRIDE,,,ENERJET,11D56,1839608
,KIA,KIA1,CAPITAL - PRIDE,,,ENERJET,15M99,1839640
,KIA,KIA2,CARENS - CARNIVAL - K2700,,,ENERJET,11T56,1862901
,KIA,KIA2,CARENS - CARNIVAL - K2700,,,ENERJET,11T56,1862901
,KIA,KIA3,CERATO,,,ENERJET,11T56,1862901
,KIA,KIA3,CERATO,,,ENERJET,11D56 / 11T56,1839608 - 18629201
,KIA,KIA4,OPTIMA,,,CAPSA,11TODI,163478X
,KIA,KIA4,OPTIMA,,,CAPSA,13API,1409611
,KIA,KIA5,PICANTO,,,CAPSA,11TODI,163478X
,KIA,KIA5,PICANTO,,,CAPSA,13TODI,1634771
,KIA,KIA6,PREGIO,,,CAPSA,13TODI,1634771
,KIA,KIA6,PREGIO,,,CAPSA,10FDI,1511653
,KIA,KIA7,RIO,,,CAPSA,13TOI,1635220
,KIA,KIA7,RIO,,,CAPSA,13W,149757X
,KIA,KIA8,RIO5,,,CAPSA,13W,149757X
,KIA,KIA9,SEPHIA/CLARUS,,,CAPSA,13W,149757X
,KIA,KIA10,SOUL,,,CAPSA,15MBI,1497596
,KIA,KIA11,SPORTAGE - SORENTO,,,CAPSA,15MBI,1497596
,KIA,KIA11,SPORTAGE - SORENTO,,,CAPSA,15MBI,1497596
,LADA,LADA12,NIVA,,,CAPSA,13W,149757X
,LADA,LADA12,NIVA,,,ENERJET,13W75,1839632
,LADA,LADA13,NIVA DIESEL,,,CAPSA,11AP,1888234
,LADA,LADA14,SAMARA,,,CAPSA,11AP,1888234
,LADA,LADA14,SAMARA,,,ENERJET,11D56,1839608
,Land-Rover,Land-Rover1,DEFENDER 110,,,ENERJET,11D56,1839608
,Land-Rover,Land-Rover1,DEFENDER 110,,,ENERJET,11D56,1839608
,Land-Rover,Land-Rover2,DEFENDER 90,,,ENERJET,11T56,1862901
,Land-Rover,Land-Rover2,DEFENDER 90,,,ENERJET,13S85,
,Land-Rover,Land-Rover3,"DISCO VERY (HSE, S, SD, Y SE7)",,,CAPSA,11TODI,163478X
,Land-Rover,Land-Rover3,"DISCOVERY,  DISCOVERY LS,  DISCOVERY XS",,,CAPSA,11TODI,163478X
,Land-Rover,Land-Rover4,"FREELANDER (BASE AUTOMA, SE, SPORT)",,,CAPSA,13TOI,1635220
,Land-Rover,Land-Rover4,"FREELANDER (BASE AUTOMA, SE, SPORT)",,,CAPSA,11TOI,149760X
,Land-Rover,Land-Rover5,RANGER ROVER,,,CAPSA,11TODI,163478X
,Land-Rover,Land-Rover6,RANGER ROVER V8 4.OL V8 4.6L ,,,CAPSA,13TOI,1635220
,MAHINDRA,MAHINDRA1,SCORPIO,,,CAPSA,15APCG,1497588
,MAZDA,MAZDA1,3,,,CAPSA,15APCG,1497588
,MAZDA,MAZDA1,3,,,CAPSA,15APCG,1497588
,MAZDA,MAZDA2,323,,,ENERJET,11T56,1862901
,MAZDA,MAZDA2,323,,,ENERJET,11T56,1862901
,MAZDA,MAZDA3,626,,,ENERJET,11T56,1862901
,MAZDA,MAZDA3,626,,,CAPSA,1135,1634798
,MAZDA,MAZDA4,"5,  CX-7,  RX-8",,,CAPSA,13TOI,1635220
,MAZDA,MAZDA5,"6,  B2900, B2500",,,CAPSA,13TOI,1635220
,MAZDA,MAZDA6,"ASAHI - IB1600,  MX-6",,,CAPSA,1135,1634798
,MAZDA,MAZDA7,B2300 - B3000 - B4000,,,CAPSA,13TOI,1635220
,MAZDA,MAZDA8,"CX-9, RX-7",,,CAPSA,1135,1634798
,MAZDA,MAZDA8,"CX-9, RX-7",,,CAPSA,13API,1409611
,MAZDA,MAZDA9,DEMIO,,,CAPSA,13TOI,1635220
,MAZDA,MAZDA10,MX-5,,,CAPSA,13TOI,1635220
,MAZDA,MAZDA10,MX-5,,,CAPSA,13TOI,1635220
,Mercedes-Benz,Mercedes-Benz1,190E,,,ENERJET,11D56,1839608
,Mercedes-Benz,Mercedes-Benz2,"300CE,D,E,SD, SE, SEL, SL, TE, ",,,ENERJET,13S85,1839616
,Mercedes-Benz,Mercedes-Benz2,"300CE,D,E,SD, SE, SEL, SL, TE, ",,,ENERJET,15M99 ,1839640
,Mercedes-Benz,Mercedes-Benz3,"350SD, SDL,  400E, SE, SEL,  420SEL",,,ENERJET,11T56,1862901
,Mercedes-Benz,Mercedes-Benz4,"500E, SEC, SEL, SL, ",,,CAPSA,15APCG,1497588
,Mercedes-Benz,Mercedes-Benz5,560SEL,,,CAPSA,15APCG,1497588
,Mercedes-Benz,Mercedes-Benz6,"600SEC, SEL, SL,   C220,  C-320",,,CAPSA,15APCG,1497588
,Mercedes-Benz,Mercedes-Benz7,"B200,  C230, ",,,CAPSA,13WI,140962X
,Mercedes-Benz,Mercedes-Benz8,"E300,  E320,  E350,  E430,  E500",,,CAPSA,15APCG,1497588
,Mercedes-Benz,Mercedes-Benz9,L1113 - LP1419 - LPS1525 - L1113 - L1418 - LS1418,,,CAPSA,13W,149757X
,Mercedes-Benz,Mercedes-Benz10,"ML320, ML430,  ML450,  ML500, ML550",,,CAPSA,13API,1409611
,Mercedes-Benz,Mercedes-Benz11,"R320, R350, R500, S450, S500, S550, S600",,,CAPSA,13WI,140962X
,Mercedes-Benz,Mercedes-Benz12,"S320, S350, S400, S420, S430, ",,,,,
,MITSUBISHI,MITSUBISHI1,"CANTER,  MONTERO 3.2,  NATIVA",,,,,
,MITSUBISHI,MITSUBISHI2,COLT,,,CAPSA,15APCG,1497588
,MITSUBISHI,MITSUBISHI3,"DIAMANTE,  ENDEAVOL,  EXPO,  ",,,CAPSA,13TODI,1634771
,MITSUBISHI,MITSUBISHI4,ECLIPSE,,,ENERJET,11W63  /  13W75,1862928 - 1839632
,MITSUBISHI,MITSUBISHI5,"FUSO/ROSA, GALANT 3.8L",,,ENERJET,11W63  /  13W75,1862928 - 1839632
,MITSUBISHI,MITSUBISHI6,GALANT,,,ENERJET,11W63  /  13W75,1862928 - 1839632
,MITSUBISHI,MITSUBISHI7,L200,,,ENERJET,11W63  /  13W75,1862928 - 1839632
,MITSUBISHI,MITSUBISHI8,LIBERO,,,CAPSA,1135,1634798
,MITSUBISHI,MITSUBISHI8,LIBERO,,,CAPSA,1135,1634798
,MITSUBISHI,MITSUBISHI9,"MIRAGE,  LANCER",,,CAPSA,1135,1634798
,MITSUBISHI,MITSUBISHI9,"MIRAGE,  LANCER",,,CAPSA,1135,1634798
,MITSUBISHI,MITSUBISHI10,MONTERO,,,CAPSA,1135,1634798
,MITSUBISHI,MITSUBISHI10,MONTERO,,,ENERJET,13S85,1839616
,MITSUBISHI,MITSUBISHI11,OUTLANDER,,,ENERJET,15M99,1839640
,MITSUBISHI,MITSUBISHI11,OUTLANDER,,,CAPSA,15MBI,1497596
,MITSUBISHI,MITSUBISHI12,PAJERO,,,CAPSA,15MBI,1497596
,NISSAN,NISSAN1,"AD WAGON,ALMERA,ALMERA Q616,SUNNY",,,CAPSA,15MBI,1497596
,NISSAN,NISSAN1,"AD WAGON,ALMERA,ALMERA Q616,SUNNY",,,CAPSA,15MBI,1497596
,NISSAN,NISSAN2,"ALTIMA - ALTIMA 3.5L, STANZA, VANETTE",,,CAPSA,15MBI,1497596
,NISSAN,NISSAN3,BLUEBIRD,,,CAPSA,15MBI,1497596
,NISSAN,NISSAN3,BLUEBIRD,,,CAPSA,15MBI,1497596
,NISSAN,NISSAN4,"CARDIAN, FRONTIER, PULSAR, SILVIA, ALTMERA",,,CAPSA,15MBI,1497596
,NISSAN,NISSAN5,FIERA,,,ENERJET,11W63 /  13W75,1862928 - 1839632
,NISSAN,NISSAN5,FIERA,,,ENERJET,11W63 /  13W75,1862928 - 1839632
,NISSAN,NISSAN,MARCH,,,ENERJET,11W63 /  13W75,1862928 - 1839632
,NISSAN,NISSAN,"MAXIMA, PRIMERA",,,CAPSA,13WI,140962X
,NISSAN,NISSAN,"MAXIMA, PRIMERA",,,CAPSA,15MBI,1497596
,NISSAN,NISSAN,MURANO,,,CAPSA,13WI,140962X
,NISSAN,NISSAN,PATHFINDER - PATHFINDER R50  3.5L,,,CAPSA,15MBI,1497596
,NISSAN,NISSAN,PATHFINDER - PATHFINDER R50  3.5L,,,ENERJET,15MB90,1862936
,NISSAN,NISSAN,"PATHFINDER R51  DIESEL, PATROL, SEVILLA",,,CAPSA,15MBI,1497596
,NISSAN,NISSAN,QASHQAI,,,CAPSA,15MBI,1497596
,NISSAN,NISSAN,SENTRA L4 1.6 Y 2.0 -- SENTRA L4 2.0L,,,CAPSA,15MBI,1497596
,NISSAN,NISSAN,SENTRA L4 1.6 Y 2.0 -- SENTRA L4 2.0L,,,CAPSA,15MBI,1497596
,NISSAN,NISSAN,"TERRANO, URBAN",,,CAPSA,15MBI,1497596
,NISSAN,NISSAN,TIIDA,,,CAPSA,15MBI,1497596
,NISSAN,NISSAN,VERSA,,,CAPSA,15MBI,1497596
,PEUGEOT,PEUGEOT,307,,,CAPSA,15MBI,1497596
,PEUGEOT,PEUGEOT,407,,,CAPSA,15MBI,1497596
,PEUGEOT,PEUGEOT,407,,,CAPSA,15MBI,1497596
,PEUGEOT,PEUGEOT,505,,,CAPSA,15MBI,1497596
,PEUGEOT,PEUGEOT,505,,,CAPSA,15MBI,1497596
,PEUGEOT,PEUGEOT,607,,,ENERJET,13S85,1839616
,PEUGEOT,PEUGEOT,607,,,ENERJET,13S85,1839616
,PEUGEOT,PEUGEOT,106/205/206/305/306,,,ENERJET,15MB90,1862936
,PEUGEOT,PEUGEOT,106/205/206/305/306,,,CAPSA,15APCG,1497588
,PEUGEOT,PEUGEOT,"207/308/206 (XR,XS,X3,XT,CC,SW) ",,,CAPSA,15APCG,1497588
,PEUGEOT,PEUGEOT,"207/308/206 (XR,XS,X3,XT,CC,SW) ",,,CAPSA,15APCG,1497588
,PEUGEOT,PEUGEOT,"306 (XR, XS, XT)",,,CAPSA,15APCG,1497588
,PEUGEOT,PEUGEOT,"306 (XR, XS, XT)",,,CAPSA,15APCG,1497588
,PEUGEOT,PEUGEOT,"405,  406",,,CAPSA,15APCG,1497588
,PEUGEOT,PEUGEOT,"405,  406",,,CAPSA,15APCG,1497588
,PEUGEOT,PEUGEOT,BOXER 1.9 DSL,,,ENERJET,13W75,1839632
,PEUGEOT,PEUGEOT,BOXER 1.9 DSL,,,ENERJET,13W75,1839632
,PEUGEOT,PEUGEOT,BOXER 2.5D / 2.8D,,,ENERJET,15M99,1839640
,PORSCHE,PORSCHE,911,,,ENERJET,15MB90,1862936
,PORSCHE,PORSCHE,911,,,ENERJET,15MB90,1862936
,PORSCHE,PORSCHE,928,,,CAPSA,13WI,140962X
,PORSCHE,PORSCHE,928,,,CAPSA,11WI,1409603
,PORSCHE,PORSCHE,968,,,CAPSA,15APCG,1497588
,PORSCHE,PORSCHE,CARRERA,,,CAPSA,15APCG,1497588
,PORSCHE,PORSCHE,CAYENNE,,,CAPSA,15MBI,1497596
,PORSCHE,PORSCHE,PANAMERA,,,CAPSA,13WI,140962X
,RENAULT,RENAULT,CLIO,,,CAPSA,1731P,1635239
,RENAULT,RENAULT,DUSTER,,,CAPSA,15MBI,1497596
,RENAULT,RENAULT,FLUENCE,,,CAPSA,15MBI,1497596
,RENAULT,RENAULT,KOLEOS,,,CAPSA,15APCG,1497588
,RENAULT,RENAULT,LAGUNA,,,CAPSA,15MBI,1497596
,RENAULT,RENAULT,LAGUNA,,,CAPSA,15APCG,1497588
,RENAULT,RENAULT,LOGAN,,,CAPSA,15APCGI,1409638
,RENAULT,RENAULT,MEGANE,,,CAPSA,15APCG,1497588
,RENAULT,RENAULT,MEGANE,,,CAPSA,15APCG,1497588
,RENAULT,RENAULT,SCENIC,,,CAPSA,15APCG,1497588
,RENAULT,RENAULT,SCENIC,,,CAPSA,15APCG,1497588
,SEAT,SEAT,CUPRA,,,CAPSA,15APCG,1497588
,SEAT,SEAT,IBIZA,,,ENERJET,13W75,1839632
,SEAT,SEAT,LEON FR,,,ENERJET,13W75,1839632
,SSANG YONG,SSANG YONG,ACTYON,,,ENERJET,15MB90,1862936
,SSANG YONG,SSANG YONG,KORANDO,,,CAPSA,13WI,140962X
,SSANG YONG,SSANG YONG,KYRON,,,CAPSA,13WI,140962X
,SSANG YONG,SSANG YONG,REXTON,,,CAPSA,15MBI,1497596
,SSANG YONG,SSANG YONG,STAVIC,,,CAPSA,13WI,140962X
,SUBARU,SUBARU,FORESTER,,,CAPSA,13WI,140962X
,SUBARU,SUBARU,FORESTER,,,CAPSA,13WI,140962X
,SUBARU,SUBARU,IMPREZA,,,CAPSA,13WI,140962X
,SUBARU,SUBARU,IMPREZA,,,CAPSA,13WI,140962X
,SUBARU,SUBARU,JUSTY,,,CAPSA,13WI,140962X
,SUBARU,SUBARU,LEGACY,,,CAPSA,15MBI,1497596
,SUBARU,SUBARU,LEGACY,,,CAPSA,13WI,140962X
,SUBARU,SUBARU,OUTBACK,,,,,
,SUBARU,SUBARU,OUTBACK,,,CAPSA,13WI,140962X
,SUZUKI,SUZUKI,AEREO,,,CAPSA,13WI,140962X
,SUZUKI,SUZUKI,AEREO,,,CAPSA,13WI,140962X
,SUZUKI,SUZUKI,"ALTO, CELERIO",,,CAPSA,13WI,140962X
,SUZUKI,SUZUKI,"APV,  BALENO,  CARRY BAN,  ",,,ENERJET,15MB90,1862936
,SUZUKI,SUZUKI,"APV,  BALENO,  CARRY BAN,  ",,,ENERJET,15MB90,1862936
,SUZUKI,SUZUKI,GRAN NOMADE,,,CAPSA,15MBI,1497596
,SUZUKI,SUZUKI,GRAN NOMADE,,,CAPSA,15MBI,1497596
,SUZUKI,SUZUKI,"MARUTI, FRONTE",,,CAPSA,15MBI,1497596
,SUZUKI,SUZUKI,"MARUTI, FRONTE",,,CAPSA,15MBI,1497596
,SUZUKI,SUZUKI,"SWIFT, GRAND VITARA,  JIMMY",,,CAPSA,15MBI,1497596
,SUZUKI,SUZUKI,"SWIFT, GRAND VITARA,  JIMMY",,,CAPSA,15MBI,1497596
,SUZUKI,SUZUKI,SX4,,,ENERJET,13W75,1839632
,SUZUKI,SUZUKI,VITARA,,,ENERJET,13W75,1839632
,TOYOTA,TOYOTA,"4RUNNER, PRADO",,,CAPSA,11WI,1409603
,TOYOTA,TOYOTA,AURIS,,,CAPSA,11WI,1409603
,TOYOTA,TOYOTA,"AVENSIS, CAVALIER",,,CAPSA,11WI,1409603
,TOYOTA,TOYOTA,CALDINA,,,ENERJET,13W75,1839632
,TOYOTA,TOYOTA,CALDINA,,,ENERJET,15MB90,1862936
,TOYOTA,TOYOTA,"CARINA, PICKUP, SOLARA",,,ENERJET,15MB90,1862936
,TOYOTA,TOYOTA,"CARINA, PICKUP, SOLARA",,,CAPSA,13WI,140962X
,TOYOTA,TOYOTA,"CAVALIER, PROBOX, TERCEL, VITZ",,,CAPSA,13WI,140962X
,TOYOTA,TOYOTA,"CELICA, MR2",,,CAPSA,13WI,140962X
,TOYOTA,TOYOTA,"COROLLA, CORONA, SPYDER",,,CAPSA,13WI,140962X
,TOYOTA,TOYOTA,"COROLLA, CORONA, SPYDER",,,,,
,TOYOTA,TOYOTA,"CORSA, ESTIMA",,,,,
,TOYOTA,TOYOTA,"CORSA, ESTIMA",,,,,
,TOYOTA,TOYOTA,"HI-ICE, HILUX",,,,,
,TOYOTA,TOYOTA,"HI-ICE, HILUX",,,ENERJET,13W75,1839632
,TOYOTA,TOYOTA,LAND CRUISER,,,ENERJET,11W63,1862928
,TOYOTA,TOYOTA,LAND CRUISER,,,ENERJET,11W63,1862928
,TOYOTA,TOYOTA,LUCIDA,,,ENERJET,15MB90,1862936
,TOYOTA,TOYOTA,RAV4,,,ENERJET,15MB90,1862936
,TOYOTA,TOYOTA,RAV4,,,ENERJET,15MB90,1862936
,TOYOTA,TOYOTA,URBAN CRUISER,,,ENERJET,15MB90,1862936
,TOYOTA,TOYOTA,"YARIS , STARLET",,,ENERJET,15MB90,1862936
,TOYOTA,TOYOTA,"YARIS , STARLET",,,ENERJET,15MB90,1862936
,VOLKSWAGEN,VOLKSWAGEN,AMAZON,,,ENERJET,15MB90,1862936
,VOLKSWAGEN,VOLKSWAGEN,AMAZON,,,ENERJET,15MB90,1862936
,VOLKSWAGEN,VOLKSWAGEN,BEETLE,,,ENERJET,15MB90,1862936
,VOLKSWAGEN,VOLKSWAGEN,BEETLE,,,ENERJET,15MB90,1862936
,VOLKSWAGEN,VOLKSWAGEN,BORA,,,ENERJET,15MB90,1862936
,VOLKSWAGEN,VOLKSWAGEN,BORA,,,ENERJET,15MB90,1862936
,VOLKSWAGEN,VOLKSWAGEN,CABRIO,,,ENERJET,15MB90,1862936
,VOLKSWAGEN,VOLKSWAGEN,CABRIO,,,ENERJET,11W63 / 13W75,1862928 - 1839632
,VOLKSWAGEN,VOLKSWAGEN,CADDY,,,ENERJET,11W63 / 13W75,1862928 - 1839632
,VOLKSWAGEN,VOLKSWAGEN,CADDY,,,ENERJET,11W63 / 13W75,1862928 - 1839632
,VOLKSWAGEN,VOLKSWAGEN,CROSSFOX,,,CAPSA,15MBI,1497596
,VOLKSWAGEN,VOLKSWAGEN,CROSSFOX,,,,,
,VOLKSWAGEN,VOLKSWAGEN,CROSSOVER,,,CAPSA,15MBI,1497596
,VOLKSWAGEN,VOLKSWAGEN,CROSSOVER,,,CAPSA,13WI,140962X
,VOLKSWAGEN,VOLKSWAGEN,ESCARABAJO,,,CAPSA,13WI,140962X
,VOLKSWAGEN,VOLKSWAGEN,ESCARABAJO,,,CAPSA,15MBI,1497596
,VOLKSWAGEN,VOLKSWAGEN,GOL,,,CAPSA,15MBI,1497596
,VOLKSWAGEN,VOLKSWAGEN,GOL,,,CAPSA,13WI,140962X
,VOLKSWAGEN,VOLKSWAGEN,GOLF,,,CAPSA,13WI,140962X
,VOLKSWAGEN,VOLKSWAGEN,JETTA,,,CAPSA,15MBI,1497596
,VOLKSWAGEN,VOLKSWAGEN,JETTA,,,CAPSA,13WI,140962X
,VOLKSWAGEN,VOLKSWAGEN,KOMBI,,,CAPSA,15MBI,1497596
,VOLKSWAGEN,VOLKSWAGEN,KOMBI,,,CAPSA,13WI,140962X
,VOLKSWAGEN,VOLKSWAGEN,PARATI,,,CAPSA,15MBI,1497596
,VOLKSWAGEN,VOLKSWAGEN,PARATI,,,CAPSA,15MBI,1497596
,VOLKSWAGEN,VOLKSWAGEN,PASSAT,,,CAPSA,13WI,140962X
,VOLKSWAGEN,VOLKSWAGEN,PASSAT,,,CAPSA,13WI,140962X
,VOLKSWAGEN,VOLKSWAGEN,POLO,,,CAPSA,11WI,1409603
,VOLKSWAGEN,VOLKSWAGEN,POLO,,,CAPSA,11WI,1409603
,VOLKSWAGEN,VOLKSWAGEN,QUANTUM,,,,,
,VOLKSWAGEN,VOLKSWAGEN,QUANTUM,,,CAPSA,15MBI,1497596
,VOLKSWAGEN,VOLKSWAGEN,SEDAN,,,ENERJET,15MB90,1862936
,VOLKSWAGEN,VOLKSWAGEN,SEDAN,,,ENERJET,15MB90,1862936
,VOLKSWAGEN,VOLKSWAGEN,TIGUAN,,,ENERJET,15MB90,1862936
,VOLKSWAGEN,VOLKSWAGEN,TIGUAN,,,ENERJET,15MB90,1862936
,VOLKSWAGEN,VOLKSWAGEN,TOUAREG,,,ENERJET,11W63,1862928
,VOLKSWAGEN,VOLKSWAGEN,VANAGON,,,ENERJET,13W75,1839632
,VOLKSWAGEN,VOLKSWAGEN,VANAGON,,,ENERJET,13W75,1839632
,VOLKSWAGEN,VOLKSWAGEN,VENTO,,,CAPSA,15MBI,1497596
,VOLKSWAGEN,VOLKSWAGEN,VENTO,,,CAPSA,15MBI,1497596
,VOLVO,VOLVO,"240, 740, 780, 850,  940",,,CAPSA,15MBI,1497596
,VOLVO,VOLVO,"240, 740, 780, 850,  940",,,CAPSA,15MBI,1497596
,VOLVO,VOLVO,C30,,,CAPSA,15MBI,1497596
,VOLVO,VOLVO,S40,,,CAPSA,15MBI,1497596
,VOLVO,VOLVO,S40,,,CAPSA,13WI,140962X
,VOLVO,VOLVO,S60,,,CAPSA,15MBI,1497596
,VOLVO,VOLVO,S60,,,,,
,VOLVO,VOLVO,"S70,  S80, S90, C70",,,CAPSA,15APCG,1497588
,VOLVO,VOLVO,"S70,  S80, S90, C70",,,CAPSA,15APCG,1497588
,VOLVO,VOLVO,"V40,  V50,  V70,  V90",,,CAPSA,15APCG,1497588
,VOLVO,VOLVO,"V40,  V50,  V70,  V90",,,,,
,VOLVO,VOLVO,"XC60, XC70,  XC90",,,CAPSA,15APCG,1497588
,VOLVO,VOLVO,"XC60, XC70,  XC90",,,CAPSA,15APCG,1497588
