,AUDI,A318TURBOA428A4A628,"A3 1.8  TURBO,  A4 2.8 , A4 , A6 2.8",,,,,
,AUDI,A318TURBOA428A4A628,"A3 1.8  TURBO,  A4 2.8 , A4 , A6 2.8",,,CAPSA,1731P,1635239
,AUDI,A318A418SEDANA418TURBO,"A3 1.8 ,  A4 1.8  SEDAN,  A4 1.8  TURBO",,,CAPSA,1731P,1635239
,AUDI,A318A418SEDANA418TURBO,"A3 1.8 ,  A4 1.8  SEDAN,  A4 1.8  TURBO",,,ENERJET, 11W75N / 13W75N ,1862928 - 1839632
,AUDI,A320LDIESELA332L,"A3 2.0L DIESEL, A3 3.2L ",,,CAPSA,13W,149757X
,AUDI,A432LA5QUATTRO,"A4 3.2L, A5 QUATTRO",,,CAPSA,15MBI,1497596
,AUDI,A6A8A8W12,"A6, A8, A8W12, ",,,CAPSA,15MBI,1497596
,AUDI,A6A8A8W12,"A6, A8, A8W12, ",,,CAPSA,15MBI,1497596
,AUDI,Q5Q7R8S4,"Q5, Q7, R8, S4",,,ENERJET, 11W75N / 13W75N ,1862928 - 1839632
,AUDI,Q5Q7R8S4,"Q5, Q7, R8, S4",,,CAPSA,11WI,1409603
,AUDI,TTTT18TT32TTS20,"TT, TT1.8, TT3.2, TTS2.0",,,CAPSA,15MBI,1497596
,BMW,316I,316I,,,ENERJET,11T56,1862901
,BMW,316I,316I,,,CAPSA,15APCG,1497588
,BMW,318Z3,318-Z3,,,ENERJET,15MB90,1862936
,BMW,318Z3,318-Z3,,,CAPSA,15MBI,1497596
,BMW,325IZ319523I,325I-Z3  1.9-523I,,,,,
,BMW,325IZ319523I,325I-Z3  1.9-523I,,,CAPSA,1731P,1635239
,BMW,520I528I540I735I,"520I, 528I,  540I-735I",,,ENERJET,15MB90,1862936
,BMW,520I528I540I735I,"520I, 528I,  540I-735I",,,CAPSA,13WI,140962X
,BMW,840CI850CI,"840CI, 850CI",,,ENERJET,13DA80,
,BMW,840CI850CI,"840CI, 850CI",,,CAPSA,1135,1634798
0,CHEVROLET,AVEO,AVEO,,,ENERJET,15M99,1839640
,CHEVROLET,BRIGADIERTANDEMBUSESESCOLARES,"BRIGADIER TANDEM, BUSES ESCOLARES",,,CAPSA,15APCG,1497588
,CHEVROLET,BUSLT500,BUS LT-500,,,ENERJET,13W75,1839632
,CHEVROLET,CAMAROCORSICA,CAMARO - CORSICA,,,CAPSA,13WI,140962X
,CHEVROLET,CAMAROCORSICA,CAMARO - CORSICA,,,ENERJET,13W75,1839632
,CHEVROLET,CAPTIVA,CAPTIVA,,,CAPSA,13API,1409611
,CHEVROLET,CAVALIERCELEBRITY,"CAVALIER, CELEBRITY",,,ENERJET,11D56,1839608
,CHEVROLET,CHEVETTESWIFT,CHEVETTE - SWIFT,,,CAPSA,10FDI,1511653
,CHEVROLET,CORSAASTRA18,CORSA - ASTRA 18,,,ENERJET,15M99,1839640
,CHEVROLET,CORSAASTRA18,CORSA - ASTRA 18,,,CAPSA,15APCG,1497588
,CHEVROLET,CRUZE,CRUZE,,,ENERJET,13W75,1839632
,CHEVROLET,LUVPICKUP,LUV-PICK UP,,,CAPSA,1135,1634798
,CHEVROLET,LUVPICKUP,LUV-PICK UP,,,CAPSA,13WI,140962X
,CHEVROLET,MONZA,MONZA,,,CAPSA,11WI,1409603
,CHEVROLET,MONZA,MONZA,,,CAPSA,11WI,1409603
,CHEVROLET,SAILSONIC,"SAIL, SONIC",,,ENERJET,15M99,1839640
,CHEVROLET,SUPERBRIGADIER,SUPERBRIGADIER,,,CAPSA,15APCG,1497588
,CHEVROLET,VECTRA,VECTRA,,,ENERJET, 13S85,1839616
,CHEVROLET,VECTRA,VECTRA,,,CAPSA,13API,1409611
,CITROEN,AMI8,AMI 8,,,CAPSA,15APCG,1497588
,CITROEN,AXALLURE,AX ALLURE,,,ENERJET,11D56 / 11T56,
,CITROEN,AXALLURE,AX ALLURE,,,CAPSA,11TODI,163478X
,CITROEN,AXDIESEL,AX DIESEL,,,,,
,CITROEN,BERLINGO,BERLINGO,,,ENERJET,13S85 / 13SB84,1839616
,CITROEN,C15DIESEL,C15 DIESEL,,,CAPSA,11API,1888242
,CITROEN,C3,C3,,,,,
,CITROEN,C4HDI,"C4 HDI,",,,ENERJET,13S85  / 11D56 / 13SB84,
,CITROEN,JUNPER25DIESEL,JUNPER 2.5 DIESEL,,,CAPSA,13API,1409611
,CITROEN,JUNPER25DIESEL,JUNPER 2.5 DIESEL,,,,,
,CITROEN,SAXOSX14VTR16,SAXO SX1.4 - VTR1.6,,,ENERJET,15M99,1839640
,CITROEN,SAXOVTS16V,SAXO VTS 16V,,,CAPSA,15APCG,1497588
,CITROEN,XANTIASXACTIVAS,XANTIA (SX-ACTIVAS),,,CAPSA,13API,1409611
,CITROEN,XMV16BXGTI,XM - V16 - BX - GTI,,,CAPSA,15APCG,1497588
,CITROEN,XSARASX16V,XSARA SX 16V,,,ENERJET,13S85 / 11D56,1839616 - 1839608
,CITROEN,XSARASX16V,XSARA SX 16V,,,CAPSA,13API,1409611
,CITROEN,ZXXANTIABREAKZXDIESEL,"ZX - XANTIA BREAK, ZX DIESEL",,,CAPSA,15APCG,1497588
,DAEWOO,CIELO,CIELO,,,CAPSA,15MBI,1497596
,DAEWOO,CIELO,CIELO,,,,,
,DAEWOO,ESPEROLANOSNUBIRASEDANWAGON,"ESPERO, LANOS, NUBIRA SEDAN/WAGON",,,,,
,DAEWOO,ESPEROLANOSNUBIRASEDANWAGON,"ESPERO, LANOS, NUBIRA SEDAN/WAGON",,,ENERJET,13W75,1839632
,DAEWOO,KORANDO23MUSSO,"KORANDO 2.3, M USSO",,,CAPSA,15MBI,1497596
,DAEWOO,KORANDO23MUSSO,"KORANDO 2.3, M USSO",,,ENERJET,13W75,1839632
,DAEWOO,LEGANZAPRINCEJEREZ,"LEGANZA, PRINCE, JEREZ",,,CAPSA,15MBI,1497596
,DAEWOO,LEGANZAPRINCEJEREZ,"LEGANZA, PRINCE, JEREZ",,,ENERJET,13W75,1839632
,DAEWOO,RACER,RACER,,,CAPSA,15MBI,1497596
,DAEWOO,RACERETI,RACER ETI,,,ENERJET,11W63 / 13W75,1862928 - 1839632
,DAEWOO,TICOMATIZLABODAMAS,"TICO - MATIZ, LABO ,  DAMAS",,,CAPSA,13WI,140962X
,DAEWOO,TICOMATIZLABODAMAS,"TICO - MATIZ, LABO ,  DAMAS",,,ENERJET,11W63 / 13W75,1862928 - 1839632
,DAIHATSU,CHARADEIIIIIIV,"CHARADE II,III, IV, ",,,CAPSA,13WI,140962X
,DAIHATSU,CHARADEIIIIIIV,"CHARADE II,III, IV, ",,,ENERJET,11W63 / 13W75,1862928 - 1839632
,DAIHATSU,COUREIIIIIIIVVVIVIIVIII,"COURE I, II,III,IV,V,VI,VII,VIII",,,CAPSA,13WI,140962X
,DAIHATSU,DELTACHASIS2TV57,DELTA CHASIS 2T - V57,,,ENERJET,13S85,
,DAIHATSU,DELTACHASISV118CAM,DELTA CHASIS V118 CAM,,,CAPSA,15MBI,1497596
,DAIHATSU,DELTAV116,DELTAV 116,,,ENERJET,15MB90,1862936
,DAIHATSU,GRANMOVEG3,GRAN MOVE G3,,,CAPSA,15MBI,1497596
,DAIHATSU,GRANMOVEG3,GRAN MOVE G3,,,CAPSA,15MBI,1497596
,DAIHATSU,ROCKYSIRIONM1M3FEROZA,"ROCKY ,  SIRION M1, M3,  FEROZA",,,ENERJET,11D56,1839608
,DAIHATSU,ROCKYSIRIONM1M3FEROZA,"ROCKY ,  SIRION M1, M3,  FEROZA",,,ENERJET,11T56,1862901
,DAIHATSU,SIRIONAPLAUSEAPLAUSEII,"SIRION - APLAUSE, APLAUSE II",,,ENERJET,15MB90,1862936
,DAIHATSU,SIRIONAPLAUSEAPLAUSEII,"SIRION - APLAUSE, APLAUSE II",,,ENERJET,13S85  / 15M99,1839616 - 1839640
,DAIHATSU,TERIOS,TERIOS,,,ENERJET,13S85  / 15M99,1839616 - 1839640
,DAIHATSU,TERIOS,TERIOS,,,ENERJET,13S85  / 15M99,1839616 - 1839640
,DATSUN,100A120A,100  A - 120 A,,,ENERJET,13S85  / 15M99,1839616 - 1839640
,DATSUN,140J160J,140 J - 160 J,,,ENERJET,13S85  / 15M99,1839616 - 1839640
,DODGE,AVENGER,AVENGER,,,ENERJET,11T56 / 11D56 ,1862901 - 1839608
,DODGE,CARAVANGRANCARABANCHALLENGER,"CARAVAN,  GRAN CARABAN, CHALLENGER",,,CAPSA,13TODI,1634771
,DODGE,CARAVANGRANCARABANCHALLENGER,"CARAVAN,  GRAN CARABAN, CHALLENGER",,,CAPSA,11TOI,149760X
,DODGE,DAKOTADURANGO,"DAKOTA, DURANGO",,,CAPSA,15APCGI,1409638
,DODGE,DAKOTADURANGO,"DAKOTA, DURANGO",,,CAPSA,13TODI,1634771
,DODGE,DAYTONADIPLOMATIntrepidLancerViper,"DAYTONA,DIPLOMAT,Intrepid,Lancer,Viper",,,CAPSA,15APCGI,1409638
,DODGE,MONACOSPIRITCALIBERCOLTRAIDER,"MONACO,SPIRIT,CALIBER,COLT,RAIDER",,,CAPSA,15APCGI,1409638
,DODGE,PALIOSEDNHATCHBACKYAVENTURE,"PALIO (SEDN, HATCHBACK, Y AVENTURE)",,,CAPSA,13API,1409611
,DODGE,SIENASTRADATEMPRA,SIENA/STRADA/TEMPRA,,,CAPSA,15APCGI,1409638
,DODGE,SPIRIT25003500,SPIRIT 2500  3500,,,CAPSA,13TOI,1635220
,FAW,F1,F1,,,CAPSA,13API,1409611
,FAW,F4F5,"F4,  F5",,,CAPSA,13WI,140962X
,FIAT,ALBEABRAVOIDEAADVENTURE,"ALBEA, BRAVO, IDEA, ADVENTURE",,,,,
,FIAT,ALBEABRAVOIDEAADVENTURE,"ALBEA, BRAVO, IDEA, ADVENTURE",,,CAPSA,13API,1409611
,FIAT,DUCATOCARAVANPALIOCLUBSCR,"DUCATO, CARAVAN , PALIO, CLUB SCR",,,CAPSA,13API,1409611
,FIAT,DUCATOCARAVANPALIOCLUBSCR,"DUCATO, CARAVAN , PALIO, CLUB SCR",,,ENERJET,13S85,1839616
,FIAT,PANADAYSTILO,"PANADA, Y STILO",,,ENERJET,13W75,1839632
,FIAT,UNOMILLE70S1300128SANREMO1300,"UNO, MILLE, 70S, 1300, 128 SAN REMO, 1300, ",,,ENERJET,13W75,1839632
,FIAT,UNOMILLE70S1300128SANREMO1300,"UNO, MILLE, 70S, 1300, 128 SAN REMO, 1300, ",,,ENERJET,15M99,1839640
,FORD,BRONCOII,"BRONCO, II",,,CAPSA,13API,1409611
,FORD,BRONCOII,"BRONCO, II",,,CAPSA,1135,1634798
,FORD,CONTOURMONDEO,CONTOUR/MONDEO,,,CAPSA,13W,149757X
,FORD,ECOSPORT,ECOSPORT,,,CAPSA,15APCG,1497588
,FORD,ECOSPORT,ECOSPORT,,,CAPSA,10FDI,1511653
,FORD,ESCORT,ESCORT,,,CAPSA,15APCG,1497588
,FORD,EXPEDITION,EXPEDITION,,,CAPSA,1135,1634798
,FORD,EXPLORERRANGER3040,EXPLORER/RANGER 3.0/4.0,,,CAPSA,1135,1634798
,FORD,F15025035080080006000D500LTI9000,"F150,250,350,800, 8000, 6000, D500,LTI9000",,,CAPSA,15MBI,1497596
,FORD,FESTIVAFIESTAKAGRADADAORION,"FESTIVA, FIESTA, KA,  GRADADA, ORION",,,CAPSA,15APCG,1497588
,FORD,FESTIVAFIESTAKAGRADADAORION,"FESTIVA, FIESTA, KA,  GRADADA, ORION",,,CAPSA,15APCG,1497588
,FORD,MERCURY,MERCURY,,,CAPSA,15APCG,1497588
,FORD,RANGER,RANGER,,,,,
,FORD,RANGER,RANGER,,,,,
,FORD,RANGERTAURUS,RANGER /TAURUS ,,,CAPSA,15APCG,1497588
,FORD,RANGERTAURUS,RANGER /TAURUS ,,,CAPSA,15APCG,1497588
,HONDA,ACCORD4CIL,ACCORD - 4 CIL,,,CAPSA,11WI,1409603
,HONDA,ACCORD4CIL,ACCORD - 4 CIL,,,CAPSA,13API,1409611
,HONDA,ACCORD6CIL,ACCORD - 6 CIL,,,CAPSA,15APCGI,1409638
,HONDA,CIVIC,CIVIC,,,CAPSA,13API,1409611
,HONDA,CIVIC,CIVIC,,,ENERJET,11D56,1839608
,HONDA,CRVRVI,CR-V   - RVI,,,ENERJET,15M99,1839640
,HONDA,ELANTRA,ELANTRA,,,ENERJET,13W75 /15MB90,1839632  -  1862936
,HONDA,INTEGRA,INTEGRA,,,ENERJET,11W63 / 13W75,1862928 - 1839632
,HONDA,INTEGRA,INTEGRA,,,ENERJET,11W63 / 13W75,1862928 - 1839632
,HONDA,PILOT,PILOT,,,CAPSA,10FDI,1511653
,HONDA,PRELUDECRVLEGEND,"PRELUDE/CRV,  LEGEND",,,CAPSA,15APCG,1497588
,HONDA,RVSI,RVSI,,,CAPSA,15MBI,1497596
,HONDA,TORNEO,TORNEO,,,CAPSA,11WI,1409603
,HYUNDAI,ACCENT,ACCENT,,,CAPSA,13W,149757X
,HYUNDAI,ACCENT,ACCENT,,,CAPSA,13WI,140962X
,HYUNDAI,AZERAMATRIX,"AZERA, MATRIX",,,CAPSA,13WI,140962X
,HYUNDAI,CHASISGALLOPER,"CHASIS, GALLOPER",,,ENERJET,15MB90,1862936
,HYUNDAI,COUPETUBURON,COUPE TUBURON,,,ENERJET,15MB90,1862936
,HYUNDAI,ELANTRA,ELANTRA,,,ENERJET,11W63 - 13W75,1862928 - 1839632
,HYUNDAI,EXCELL,EXCELL,,,ENERJET,11W63 - 13W75,1862928 - 1839632
,HYUNDAI,EXCELL,EXCELL,,,CAPSA,15MBI,1497596
,HYUNDAI,GENESIS,GENESIS,,,CAPSA,15MBI,1497596
,HYUNDAI,GRACE,GRACE,,,CAPSA,13WI,140962X
,HYUNDAI,GRACEVANDLX7GS,GRACE VAN DLX7GS,,,CAPSA,13WI,140962X
,HYUNDAI,H1H100BUS,"H1, H100 BUS",,,CAPSA,13WI,140962X
,HYUNDAI,H1H100BUS,"H1, H100 BUS",,,CAPSA,15MBI,1497596
,HYUNDAI,H350,H350,,,CAPSA,15MBI,1497596
,HYUNDAI,i10,i 10,,,ENERJET,15MB90,1862936
,HYUNDAI,i30,i 30,,,ENERJET,15MB90,1862936
,HYUNDAI,PANELSTAREXSANTAFECM,"PANEL,  STAREX, SANTA FE CM",,,ENERJET,15MB90,1862936
,HYUNDAI,PORTERPORTERSUPER,"PORTER, PORTER SUPER",,,ENERJET,15MB90,1862936
,HYUNDAI,SCOUPE,SCOUPE,,,ENERJET,15MB90,1862936
,HYUNDAI,SONATA,SONATA ,,,CAPSA,15MBI,1497596
,HYUNDAI,SONATA,SONATA ,,,CAPSA,15MBI,1497596
,HYUNDAI,SONATAISONATAIISANTAFESM,"SONATA I , SONATA II, SANTA FE SM",,,CAPSA,15MBI,1497596
,HYUNDAI,TUCSONVANTERRACAN,"TUCSON, VAN, TERRACAN, ",,,CAPSA,15MBI,1497596
,HYUNDAI,VERACRUZ,VERACRUZ,,,CAPSA,15MBI,1497596
,ISUZU,AMIGOAXIOMFARGO,"AMIGO,  AXIOM,  FARGO",,,ENERJET,11T56,1862901
,ISUZU,GEMINI,GEMINI,,,ENERJET,11W63 / 13W75,1862928 - 1839632
,ISUZU,IMPULSE,IMPULSE,,,ENERJET,11W63 / 13W75,1862928 - 1839632
,ISUZU,JOURNEY,JOURNEY,,,ENERJET,11W63 / 13W75,1862928 - 1839632
,ISUZU,OASIS,OASIS,,,ENERJET,13AD80,
,ISUZU,RODEO,RODEO,,,CAPSA,13API,1409611
,ISUZU,TROPER,TROPER,,,CAPSA,11WI,1409603
,JEEP,CHEROKE,CHEROKE,,,CAPSA,11WI,1409603
,JEEP,COMANCHE,COMANCHE,,,CAPSA,13WI,140962X
,JEEP,COMMANDER,COMMANDER,,,CAPSA,13WI,140962X
,JEEP,GRANDCHEROKEE,GRAND CHEROKEE,,,CAPSA,15APCG,1497588
,JEEP,LIBERTY,LIBERTY,,,CAPSA,15APCG,1497588
,JEEP,PATRIOT,PATRIOT,,,CAPSA,15APCG,1497588
,JEEP,WRANGLER,WRANGLER,,,CAPSA,13API,1409611
,JEEP,WRANGLER,WRANGLER,,,CAPSA,10FDI,1511653
,KIA,CAPITALPRIDE,CAPITAL - PRIDE,,,ENERJET,11D56,1839608
,KIA,CAPITALPRIDE,CAPITAL - PRIDE,,,ENERJET,15M99,1839640
,KIA,CARENSCARNIVALK2700,CARENS - CARNIVAL - K2700,,,ENERJET,11T56,1862901
,KIA,CARENSCARNIVALK2700,CARENS - CARNIVAL - K2700,,,ENERJET,11T56,1862901
,KIA,CERATO,CERATO,,,ENERJET,11T56,1862901
,KIA,CERATO,CERATO,,,ENERJET,11D56 / 11T56,1839608 - 18629201
,KIA,OPTIMA,OPTIMA,,,CAPSA,11TODI,163478X
,KIA,OPTIMA,OPTIMA,,,CAPSA,13API,1409611
,KIA,PICANTO,PICANTO,,,CAPSA,11TODI,163478X
,KIA,PICANTO,PICANTO,,,CAPSA,13TODI,1634771
,KIA,PREGIO,PREGIO,,,CAPSA,13TODI,1634771
,KIA,PREGIO,PREGIO,,,CAPSA,10FDI,1511653
,KIA,RIO,RIO,,,CAPSA,13TOI,1635220
,KIA,RIO,RIO,,,CAPSA,13W,149757X
,KIA,RIO5,RIO5,,,CAPSA,13W,149757X
,KIA,SEPHIACLARUS,SEPHIA/CLARUS,,,CAPSA,13W,149757X
,KIA,SOUL,SOUL,,,CAPSA,15MBI,1497596
,KIA,SPORTAGESORENTO,SPORTAGE - SORENTO,,,CAPSA,15MBI,1497596
,KIA,SPORTAGESORENTO,SPORTAGE - SORENTO,,,CAPSA,15MBI,1497596
,LADA,NIVA,NIVA,,,CAPSA,13W,149757X
,LADA,NIVA,NIVA,,,ENERJET,13W75,1839632
,LADA,NIVADIESEL,NIVA DIESEL,,,CAPSA,11AP,1888234
,LADA,SAMARA,SAMARA,,,CAPSA,11AP,1888234
,LADA,SAMARA,SAMARA,,,ENERJET,11D56,1839608
,Land-Rover,DEFENDER110,DEFENDER 110,,,ENERJET,11D56,1839608
,Land-Rover,DEFENDER110,DEFENDER 110,,,ENERJET,11D56,1839608
,Land-Rover,DEFENDER90,DEFENDER 90,,,ENERJET,11T56,1862901
,Land-Rover,DEFENDER90,DEFENDER 90,,,ENERJET,13S85,
,Land-Rover,DISCOVERYHSESSDYSE7,"DISCO VERY (HSE, S, SD, Y SE7)",,,CAPSA,11TODI,163478X
,Land-Rover,DISCOVERYDISCOVERYLSDISCOVERYXS,"DISCOVERY,  DISCOVERY LS,  DISCOVERY XS",,,CAPSA,11TODI,163478X
,Land-Rover,FREELANDERBASEAUTOMASESPORT,"FREELANDER (BASE AUTOMA, SE, SPORT)",,,CAPSA,13TOI,1635220
,Land-Rover,FREELANDERBASEAUTOMASESPORT,"FREELANDER (BASE AUTOMA, SE, SPORT)",,,CAPSA,11TOI,149760X
,Land-Rover,RANGERROVER,RANGER ROVER,,,CAPSA,11TODI,163478X
,Land-Rover,RANGERROVERV84OLV846L,RANGER ROVER V8 4.OL V8 4.6L ,,,CAPSA,13TOI,1635220
,MAHINDRA,SCORPIO,SCORPIO,,,CAPSA,15APCG,1497588
,MAZDA,3,3,,,CAPSA,15APCG,1497588
,MAZDA,3,3,,,CAPSA,15APCG,1497588
,MAZDA,323,323,,,ENERJET,11T56,1862901
,MAZDA,323,323,,,ENERJET,11T56,1862901
,MAZDA,626,626,,,ENERJET,11T56,1862901
,MAZDA,626,626,,,CAPSA,1135,1634798
,MAZDA,5CX7RX8,"5,  CX-7,  RX-8",,,CAPSA,13TOI,1635220
,MAZDA,6B2900B2500,"6,  B2900, B2500",,,CAPSA,13TOI,1635220
,MAZDA,ASAHIIB1600MX6,"ASAHI - IB1600,  MX-6",,,CAPSA,1135,1634798
,MAZDA,B2300B3000B4000,B2300 - B3000 - B4000,,,CAPSA,13TOI,1635220
,MAZDA,CX9RX7,"CX-9, RX-7",,,CAPSA,1135,1634798
,MAZDA,CX9RX7,"CX-9, RX-7",,,CAPSA,13API,1409611
,MAZDA,DEMIO,DEMIO,,,CAPSA,13TOI,1635220
,MAZDA,MX5,MX-5,,,CAPSA,13TOI,1635220
,MAZDA,MX5,MX-5,,,CAPSA,13TOI,1635220
,Mercedes-Benz,190E,190E,,,ENERJET,11D56,1839608
,Mercedes-Benz,300CEDESDSESELSLTE,"300CE,D,E,SD, SE, SEL, SL, TE, ",,,ENERJET,13S85,1839616
,Mercedes-Benz,300CEDESDSESELSLTE,"300CE,D,E,SD, SE, SEL, SL, TE, ",,,ENERJET,15M99 ,1839640
,Mercedes-Benz,350SDSDL400ESESEL420SEL,"350SD, SDL,  400E, SE, SEL,  420SEL",,,ENERJET,11T56,1862901
,Mercedes-Benz,500ESECSELSL,"500E, SEC, SEL, SL, ",,,CAPSA,15APCG,1497588
,Mercedes-Benz,560SEL,560SEL,,,CAPSA,15APCG,1497588
,Mercedes-Benz,600SECSELSLC220C320,"600SEC, SEL, SL,   C220,  C-320",,,CAPSA,15APCG,1497588
,Mercedes-Benz,B200C230,"B200,  C230, ",,,CAPSA,13WI,140962X
,Mercedes-Benz,E300E320E350E430E500,"E300,  E320,  E350,  E430,  E500",,,CAPSA,15APCG,1497588
,Mercedes-Benz,L1113LP1419LPS1525L1113L1418LS1418,L1113 - LP1419 - LPS1525 - L1113 - L1418 - LS1418,,,CAPSA,13W,149757X
,Mercedes-Benz,ML320ML430ML450ML500ML550,"ML320, ML430,  ML450,  ML500, ML550",,,CAPSA,13API,1409611
,Mercedes-Benz,R320R350R500S450S500S550S600,"R320, R350, R500, S450, S500, S550, S600",,,CAPSA,13WI,140962X
,Mercedes-Benz,S320S350S400S420S430,"S320, S350, S400, S420, S430, ",,,,,
,MITSUBISHI,CANTERMONTERO32NATIVA,"CANTER,  MONTERO 3.2,  NATIVA",,,,,
,MITSUBISHI,COLT,COLT,,,CAPSA,15APCG,1497588
,MITSUBISHI,DIAMANTEENDEAVOLEXPO,"DIAMANTE,  ENDEAVOL,  EXPO,  ",,,CAPSA,13TODI,1634771
,MITSUBISHI,ECLIPSE,ECLIPSE,,,ENERJET,11W63  /  13W75,1862928 - 1839632
,MITSUBISHI,FUSOROSAGALANT38L,"FUSO/ROSA, GALANT 3.8L",,,ENERJET,11W63  /  13W75,1862928 - 1839632
,MITSUBISHI,GALANT,GALANT,,,ENERJET,11W63  /  13W75,1862928 - 1839632
,MITSUBISHI,L200,L200,,,ENERJET,11W63  /  13W75,1862928 - 1839632
,MITSUBISHI,LIBERO,LIBERO,,,CAPSA,1135,1634798
,MITSUBISHI,LIBERO,LIBERO,,,CAPSA,1135,1634798
,MITSUBISHI,MIRAGELANCER,"MIRAGE,  LANCER",,,CAPSA,1135,1634798
,MITSUBISHI,MIRAGELANCER,"MIRAGE,  LANCER",,,CAPSA,1135,1634798
,MITSUBISHI,MONTERO,MONTERO,,,CAPSA,1135,1634798
,MITSUBISHI,MONTERO,MONTERO,,,ENERJET,13S85,1839616
,MITSUBISHI,OUTLANDER,OUTLANDER,,,ENERJET,15M99,1839640
,MITSUBISHI,OUTLANDER,OUTLANDER,,,CAPSA,15MBI,1497596
,MITSUBISHI,PAJERO,PAJERO,,,CAPSA,15MBI,1497596
,NISSAN,ADWAGONALMERAALMERAQ616SUNNY,"AD WAGON,ALMERA,ALMERA Q616,SUNNY",,,CAPSA,15MBI,1497596
,NISSAN,ADWAGONALMERAALMERAQ616SUNNY,"AD WAGON,ALMERA,ALMERA Q616,SUNNY",,,CAPSA,15MBI,1497596
,NISSAN,ALTIMAALTIMA35LSTANZAVANETTE,"ALTIMA - ALTIMA 3.5L, STANZA, VANETTE",,,CAPSA,15MBI,1497596
,NISSAN,BLUEBIRD,BLUEBIRD,,,CAPSA,15MBI,1497596
,NISSAN,BLUEBIRD,BLUEBIRD,,,CAPSA,15MBI,1497596
,NISSAN,CARDIANFRONTIERPULSARSILVIAALTMERA,"CARDIAN, FRONTIER, PULSAR, SILVIA, ALTMERA",,,CAPSA,15MBI,1497596
,NISSAN,FIERA,FIERA,,,ENERJET,11W63 /  13W75,1862928 - 1839632
,NISSAN,FIERA,FIERA,,,ENERJET,11W63 /  13W75,1862928 - 1839632
,NISSAN,MARCH,MARCH,,,ENERJET,11W63 /  13W75,1862928 - 1839632
,NISSAN,MAXIMAPRIMERA,"MAXIMA, PRIMERA",,,CAPSA,13WI,140962X
,NISSAN,MAXIMAPRIMERA,"MAXIMA, PRIMERA",,,CAPSA,15MBI,1497596
,NISSAN,MURANO,MURANO,,,CAPSA,13WI,140962X
,NISSAN,PATHFINDERPATHFINDERR5035L,PATHFINDER - PATHFINDER R50  3.5L,,,CAPSA,15MBI,1497596
,NISSAN,PATHFINDERPATHFINDERR5035L,PATHFINDER - PATHFINDER R50  3.5L,,,ENERJET,15MB90,1862936
,NISSAN,PATHFINDERR51DIESELPATROLSEVILLA,"PATHFINDER R51  DIESEL, PATROL, SEVILLA",,,CAPSA,15MBI,1497596
,NISSAN,QASHQAI,QASHQAI,,,CAPSA,15MBI,1497596
,NISSAN,SENTRAL416Y20SENTRAL420L,SENTRA L4 1.6 Y 2.0 -- SENTRA L4 2.0L,,,CAPSA,15MBI,1497596
,NISSAN,SENTRAL416Y20SENTRAL420L,SENTRA L4 1.6 Y 2.0 -- SENTRA L4 2.0L,,,CAPSA,15MBI,1497596
,NISSAN,TERRANOURBAN,"TERRANO, URBAN",,,CAPSA,15MBI,1497596
,NISSAN,TIIDA,TIIDA,,,CAPSA,15MBI,1497596
,NISSAN,VERSA,VERSA,,,CAPSA,15MBI,1497596
,PEUGEOT,307,307,,,CAPSA,15MBI,1497596
,PEUGEOT,407,407,,,CAPSA,15MBI,1497596
,PEUGEOT,407,407,,,CAPSA,15MBI,1497596
,PEUGEOT,505,505,,,CAPSA,15MBI,1497596
,PEUGEOT,505,505,,,CAPSA,15MBI,1497596
,PEUGEOT,607,607,,,ENERJET,13S85,1839616
,PEUGEOT,607,607,,,ENERJET,13S85,1839616
,PEUGEOT,1.06205E+14,106/205/206/305/306,,,ENERJET,15MB90,1862936
,PEUGEOT,1.06205E+14,106/205/206/305/306,,,CAPSA,15APCG,1497588
,PEUGEOT,207308206XRXSX3XTCCSW,"207/308/206 (XR,XS,X3,XT,CC,SW) ",,,CAPSA,15APCG,1497588
,PEUGEOT,207308206XRXSX3XTCCSW,"207/308/206 (XR,XS,X3,XT,CC,SW) ",,,CAPSA,15APCG,1497588
,PEUGEOT,306XRXSXT,"306 (XR, XS, XT)",,,CAPSA,15APCG,1497588
,PEUGEOT,306XRXSXT,"306 (XR, XS, XT)",,,CAPSA,15APCG,1497588
,PEUGEOT,405406,"405,  406",,,CAPSA,15APCG,1497588
,PEUGEOT,405406,"405,  406",,,CAPSA,15APCG,1497588
,PEUGEOT,BOXER19DSL,BOXER 1.9 DSL,,,ENERJET,13W75,1839632
,PEUGEOT,BOXER19DSL,BOXER 1.9 DSL,,,ENERJET,13W75,1839632
,PEUGEOT,BOXER25D28D,BOXER 2.5D / 2.8D,,,ENERJET,15M99,1839640
,PORSCHE,911,911,,,ENERJET,15MB90,1862936
,PORSCHE,911,911,,,ENERJET,15MB90,1862936
,PORSCHE,928,928,,,CAPSA,13WI,140962X
,PORSCHE,928,928,,,CAPSA,11WI,1409603
,PORSCHE,968,968,,,CAPSA,15APCG,1497588
,PORSCHE,CARRERA,CARRERA,,,CAPSA,15APCG,1497588
,PORSCHE,CAYENNE,CAYENNE,,,CAPSA,15MBI,1497596
,PORSCHE,PANAMERA,PANAMERA,,,CAPSA,13WI,140962X
,RENAULT,CLIO,CLIO,,,CAPSA,1731P,1635239
,RENAULT,DUSTER,DUSTER,,,CAPSA,15MBI,1497596
,RENAULT,FLUENCE,FLUENCE,,,CAPSA,15MBI,1497596
,RENAULT,KOLEOS,KOLEOS,,,CAPSA,15APCG,1497588
,RENAULT,LAGUNA,LAGUNA,,,CAPSA,15MBI,1497596
,RENAULT,LAGUNA,LAGUNA,,,CAPSA,15APCG,1497588
,RENAULT,LOGAN,LOGAN,,,CAPSA,15APCGI,1409638
,RENAULT,MEGANE,MEGANE,,,CAPSA,15APCG,1497588
,RENAULT,MEGANE,MEGANE,,,CAPSA,15APCG,1497588
,RENAULT,SCENIC,SCENIC,,,CAPSA,15APCG,1497588
,RENAULT,SCENIC,SCENIC,,,CAPSA,15APCG,1497588
,SEAT,CUPRA,CUPRA,,,CAPSA,15APCG,1497588
,SEAT,IBIZA,IBIZA,,,ENERJET,13W75,1839632
,SEAT,LEONFR,LEON FR,,,ENERJET,13W75,1839632
,SSANG YONG,ACTYON,ACTYON,,,ENERJET,15MB90,1862936
,SSANG YONG,KORANDO,KORANDO,,,CAPSA,13WI,140962X
,SSANG YONG,KYRON,KYRON,,,CAPSA,13WI,140962X
,SSANG YONG,REXTON,REXTON,,,CAPSA,15MBI,1497596
,SSANG YONG,STAVIC,STAVIC,,,CAPSA,13WI,140962X
,SUBARU,FORESTER,FORESTER,,,CAPSA,13WI,140962X
,SUBARU,FORESTER,FORESTER,,,CAPSA,13WI,140962X
,SUBARU,IMPREZA,IMPREZA,,,CAPSA,13WI,140962X
,SUBARU,IMPREZA,IMPREZA,,,CAPSA,13WI,140962X
,SUBARU,JUSTY,JUSTY,,,CAPSA,13WI,140962X
,SUBARU,LEGACY,LEGACY,,,CAPSA,15MBI,1497596
,SUBARU,LEGACY,LEGACY,,,CAPSA,13WI,140962X
,SUBARU,OUTBACK,OUTBACK,,,,,
,SUBARU,OUTBACK,OUTBACK,,,CAPSA,13WI,140962X
,SUZUKI,AEREO,AEREO,,,CAPSA,13WI,140962X
,SUZUKI,AEREO,AEREO,,,CAPSA,13WI,140962X
,SUZUKI,ALTOCELERIO,"ALTO, CELERIO",,,CAPSA,13WI,140962X
,SUZUKI,APVBALENOCARRYBAN,"APV,  BALENO,  CARRY BAN,  ",,,ENERJET,15MB90,1862936
,SUZUKI,APVBALENOCARRYBAN,"APV,  BALENO,  CARRY BAN,  ",,,ENERJET,15MB90,1862936
,SUZUKI,GRANNOMADE,GRAN NOMADE,,,CAPSA,15MBI,1497596
,SUZUKI,GRANNOMADE,GRAN NOMADE,,,CAPSA,15MBI,1497596
,SUZUKI,MARUTIFRONTE,"MARUTI, FRONTE",,,CAPSA,15MBI,1497596
,SUZUKI,MARUTIFRONTE,"MARUTI, FRONTE",,,CAPSA,15MBI,1497596
,SUZUKI,SWIFTGRANDVITARAJIMMY,"SWIFT, GRAND VITARA,  JIMMY",,,CAPSA,15MBI,1497596
,SUZUKI,SWIFTGRANDVITARAJIMMY,"SWIFT, GRAND VITARA,  JIMMY",,,CAPSA,15MBI,1497596
,SUZUKI,SX4,SX4,,,ENERJET,13W75,1839632
,SUZUKI,VITARA,VITARA,,,ENERJET,13W75,1839632
,TOYOTA,4RUNNERPRADO,"4RUNNER, PRADO",,,CAPSA,11WI,1409603
,TOYOTA,AURIS,AURIS,,,CAPSA,11WI,1409603
,TOYOTA,AVENSISCAVALIER,"AVENSIS, CAVALIER",,,CAPSA,11WI,1409603
,TOYOTA,CALDINA,CALDINA,,,ENERJET,13W75,1839632
,TOYOTA,CALDINA,CALDINA,,,ENERJET,15MB90,1862936
,TOYOTA,CARINAPICKUPSOLARA,"CARINA, PICKUP, SOLARA",,,ENERJET,15MB90,1862936
,TOYOTA,CARINAPICKUPSOLARA,"CARINA, PICKUP, SOLARA",,,CAPSA,13WI,140962X
,TOYOTA,CAVALIERPROBOXTERCELVITZ,"CAVALIER, PROBOX, TERCEL, VITZ",,,CAPSA,13WI,140962X
,TOYOTA,CELICAMR2,"CELICA, MR2",,,CAPSA,13WI,140962X
,TOYOTA,COROLLACORONASPYDER,"COROLLA, CORONA, SPYDER",,,CAPSA,13WI,140962X
,TOYOTA,COROLLACORONASPYDER,"COROLLA, CORONA, SPYDER",,,,,
,TOYOTA,CORSAESTIMA,"CORSA, ESTIMA",,,,,
,TOYOTA,CORSAESTIMA,"CORSA, ESTIMA",,,,,
,TOYOTA,HIICEHILUX,"HI-ICE, HILUX",,,,,
,TOYOTA,HIICEHILUX,"HI-ICE, HILUX",,,ENERJET,13W75,1839632
,TOYOTA,LANDCRUISER,LAND CRUISER,,,ENERJET,11W63,1862928
,TOYOTA,LANDCRUISER,LAND CRUISER,,,ENERJET,11W63,1862928
,TOYOTA,LUCIDA,LUCIDA,,,ENERJET,15MB90,1862936
,TOYOTA,RAV4,RAV4,,,ENERJET,15MB90,1862936
,TOYOTA,RAV4,RAV4,,,ENERJET,15MB90,1862936
,TOYOTA,URBANCRUISER,URBAN CRUISER,,,ENERJET,15MB90,1862936
,TOYOTA,YARISSTARLET,"YARIS , STARLET",,,ENERJET,15MB90,1862936
,TOYOTA,YARISSTARLET,"YARIS , STARLET",,,ENERJET,15MB90,1862936
,VOLKSWAGEN,AMAZON,AMAZON,,,ENERJET,15MB90,1862936
,VOLKSWAGEN,AMAZON,AMAZON,,,ENERJET,15MB90,1862936
,VOLKSWAGEN,BEETLE,BEETLE,,,ENERJET,15MB90,1862936
,VOLKSWAGEN,BEETLE,BEETLE,,,ENERJET,15MB90,1862936
,VOLKSWAGEN,BORA,BORA,,,ENERJET,15MB90,1862936
,VOLKSWAGEN,BORA,BORA,,,ENERJET,15MB90,1862936
,VOLKSWAGEN,CABRIO,CABRIO,,,ENERJET,15MB90,1862936
,VOLKSWAGEN,CABRIO,CABRIO,,,ENERJET,11W63 / 13W75,1862928 - 1839632
,VOLKSWAGEN,CADDY,CADDY,,,ENERJET,11W63 / 13W75,1862928 - 1839632
,VOLKSWAGEN,CADDY,CADDY,,,ENERJET,11W63 / 13W75,1862928 - 1839632
,VOLKSWAGEN,CROSSFOX,CROSSFOX,,,CAPSA,15MBI,1497596
,VOLKSWAGEN,CROSSFOX,CROSSFOX,,,,,
,VOLKSWAGEN,CROSSOVER,CROSSOVER,,,CAPSA,15MBI,1497596
,VOLKSWAGEN,CROSSOVER,CROSSOVER,,,CAPSA,13WI,140962X
,VOLKSWAGEN,ESCARABAJO,ESCARABAJO,,,CAPSA,13WI,140962X
,VOLKSWAGEN,ESCARABAJO,ESCARABAJO,,,CAPSA,15MBI,1497596
,VOLKSWAGEN,GOL,GOL,,,CAPSA,15MBI,1497596
,VOLKSWAGEN,GOL,GOL,,,CAPSA,13WI,140962X
,VOLKSWAGEN,GOLF,GOLF,,,CAPSA,13WI,140962X
,VOLKSWAGEN,JETTA,JETTA,,,CAPSA,15MBI,1497596
,VOLKSWAGEN,JETTA,JETTA,,,CAPSA,13WI,140962X
,VOLKSWAGEN,KOMBI,KOMBI,,,CAPSA,15MBI,1497596
,VOLKSWAGEN,KOMBI,KOMBI,,,CAPSA,13WI,140962X
,VOLKSWAGEN,PARATI,PARATI,,,CAPSA,15MBI,1497596
,VOLKSWAGEN,PARATI,PARATI,,,CAPSA,15MBI,1497596
,VOLKSWAGEN,PASSAT,PASSAT,,,CAPSA,13WI,140962X
,VOLKSWAGEN,PASSAT,PASSAT,,,CAPSA,13WI,140962X
,VOLKSWAGEN,POLO,POLO,,,CAPSA,11WI,1409603
,VOLKSWAGEN,POLO,POLO,,,CAPSA,11WI,1409603
,VOLKSWAGEN,QUANTUM,QUANTUM,,,,,
,VOLKSWAGEN,QUANTUM,QUANTUM,,,CAPSA,15MBI,1497596
,VOLKSWAGEN,SEDAN,SEDAN,,,ENERJET,15MB90,1862936
,VOLKSWAGEN,SEDAN,SEDAN,,,ENERJET,15MB90,1862936
,VOLKSWAGEN,TIGUAN,TIGUAN,,,ENERJET,15MB90,1862936
,VOLKSWAGEN,TIGUAN,TIGUAN,,,ENERJET,15MB90,1862936
,VOLKSWAGEN,TOUAREG,TOUAREG,,,ENERJET,11W63,1862928
,VOLKSWAGEN,VANAGON,VANAGON,,,ENERJET,13W75,1839632
,VOLKSWAGEN,VANAGON,VANAGON,,,ENERJET,13W75,1839632
,VOLKSWAGEN,VENTO,VENTO,,,CAPSA,15MBI,1497596
,VOLKSWAGEN,VENTO,VENTO,,,CAPSA,15MBI,1497596
,VOLVO,2.40741E+14,"240, 740, 780, 850,  940",,,CAPSA,15MBI,1497596
,VOLVO,2.40741E+14,"240, 740, 780, 850,  940",,,CAPSA,15MBI,1497596
,VOLVO,C30,C30,,,CAPSA,15MBI,1497596
,VOLVO,S40,S40,,,CAPSA,15MBI,1497596
,VOLVO,S40,S40,,,CAPSA,13WI,140962X
,VOLVO,S60,S60,,,CAPSA,15MBI,1497596
,VOLVO,S60,S60,,,,,
,VOLVO,S70S80S90C70,"S70,  S80, S90, C70",,,CAPSA,15APCG,1497588
,VOLVO,S70S80S90C70,"S70,  S80, S90, C70",,,CAPSA,15APCG,1497588
,VOLVO,V40V50V70V90,"V40,  V50,  V70,  V90",,,CAPSA,15APCG,1497588
,VOLVO,V40V50V70V90,"V40,  V50,  V70,  V90",,,,,
,VOLVO,XC60XC70XC90,"XC60, XC70,  XC90",,,CAPSA,15APCG,1497588
,VOLVO,XC60XC70XC90,"XC60, XC70,  XC90",,,CAPSA,15APCG,1497588
