0,CHEVROLET,AVEO,,,,,
,CHEVROLET,"BRIGADIER TANDEM, BUSES ESCOLARES",,,CAPSA,1731P,1635239
,CHEVROLET,BUS LT-500,,,CAPSA,1731P,1635239
,CHEVROLET,CAMARO - CORSICA,,,ENERJET, 11W75N / 13W75N ,1862928 - 1839632
,CHEVROLET,CAMARO - CORSICA,,,CAPSA,13W,149757X
,CHEVROLET,CAPTIVA,,,CAPSA,15MBI,1497596
,CHEVROLET,"CAVALIER, CELEBRITY",,,CAPSA,15MBI,1497596
,CHEVROLET,CHEVETTE - SWIFT,,,CAPSA,15MBI,1497596
,CHEVROLET,CORSA - ASTRA 18,,,ENERJET, 11W75N / 13W75N ,1862928 - 1839632
,CHEVROLET,CORSA - ASTRA 18,,,CAPSA,11WI,1409603
,CHEVROLET,CRUZE,,,CAPSA,15MBI,1497596
,CHEVROLET,LUV-PICK UP,,,ENERJET,11T56,1862901
,CHEVROLET,LUV-PICK UP,,,CAPSA,15APCG,1497588
,CHEVROLET,MONZA,,,ENERJET,15MB90,1862936
,CHEVROLET,MONZA,,,CAPSA,15MBI,1497596
,CHEVROLET,"SAIL, SONIC",,,,,
,CHEVROLET,SUPERBRIGADIER,,,CAPSA,1731P,1635239
,CHEVROLET,VECTRA,,,ENERJET,15MB90,1862936
,CHEVROLET,VECTRA,,,CAPSA,13WI,140962X
,KIA,CAPITAL - PRIDE,,,ENERJET,13DA80,
,KIA,CAPITAL - PRIDE,,,CAPSA,1135,1634798
,KIA,CARENS - CARNIVAL - K2700,,,ENERJET,15M99,1839640
,KIA,CARENS - CARNIVAL - K2700,,,CAPSA,15APCG,1497588
,KIA,CERATO,,,ENERJET,13W75,1839632
,KIA,CERATO,,,CAPSA,13WI,140962X
,KIA,OPTIMA,,,ENERJET,13W75,1839632
,KIA,OPTIMA,,,CAPSA,13API,1409611
,KIA,PICANTO,,,ENERJET,11D56,1839608
,KIA,PICANTO,,,CAPSA,10FDI,1511653
,KIA,PREGIO,,,ENERJET,15M99,1839640
,KIA,PREGIO,,,CAPSA,15APCG,1497588
,KIA,RIO,,,ENERJET,13W75,1839632
,KIA,RIO,,,CAPSA,1135,1634798
,KIA,RIO5,,,CAPSA,13WI,140962X
,KIA,SEPHIA/CLARUS,,,CAPSA,11WI,1409603
,KIA,SOUL,,,CAPSA,11WI,1409603
,KIA,SPORTAGE - SORENTO,,,ENERJET,15M99,1839640
,KIA,SPORTAGE - SORENTO,,,CAPSA,15APCG,1497588
,NISSAN,"AD WAGON,ALMERA,ALMERA Q616,SUNNY",,,ENERJET, 13S85,1839616
,NISSAN,"AD WAGON,ALMERA,ALMERA Q616,SUNNY",,,CAPSA,13API,1409611
,NISSAN,"ALTIMA - ALTIMA 3.5L, STANZA, VANETTE",,,CAPSA,15APCG,1497588
,NISSAN,BLUEBIRD,,,ENERJET,11D56 / 11T56,
,NISSAN,BLUEBIRD,,,CAPSA,11TODI,163478X
,NISSAN,"CARDIAN, FRONTIER, PULSAR, SILVIA, ALTMERA",,,,,
,NISSAN,FIERA,,,ENERJET,13S85 / 13SB84,1839616
,NISSAN,FIERA,,,CAPSA,11API,1888242
,NISSAN,MARCH,,,,,
,NISSAN,"MAXIMA, PRIMERA",,,ENERJET,13S85  / 11D56 / 13SB84,
,NISSAN,"MAXIMA, PRIMERA",,,CAPSA,13API,1409611
,NISSAN,MURANO,,,,,
,NISSAN,PATHFINDER - PATHFINDER R50  3.5L,,,ENERJET,15M99,1839640
,NISSAN,PATHFINDER - PATHFINDER R50  3.5L,,,CAPSA,15APCG,1497588
,NISSAN,"PATHFINDER R51  DIESEL, PATROL, SEVILLA",,,CAPSA,13API,1409611
,NISSAN,QASHQAI,,,CAPSA,15APCG,1497588
,NISSAN,SENTRA L4 1.6 Y 2.0 -- SENTRA L4 2.0L,,,ENERJET,13S85 / 11D56,1839616 - 1839608
,NISSAN,SENTRA L4 1.6 Y 2.0 -- SENTRA L4 2.0L,,,CAPSA,13API,1409611
,NISSAN,"TERRANO, URBAN",,,CAPSA,15APCG,1497588
,NISSAN,TIIDA,,,CAPSA,15MBI,1497596
,NISSAN,VERSA,,,,,
,PEUGEOT,307,,,,,
,PEUGEOT,407,,,ENERJET,13W75,1839632
,PEUGEOT,407,,,CAPSA,15MBI,1497596
,PEUGEOT,505,,,ENERJET,13W75,1839632
,PEUGEOT,505,,,CAPSA,15MBI,1497596
,PEUGEOT,607,,,ENERJET,13W75,1839632
,PEUGEOT,607,,,CAPSA,15MBI,1497596
,PEUGEOT,106/205/206/305/306,,,ENERJET,11W63 / 13W75,1862928 - 1839632
,PEUGEOT,106/205/206/305/306,,,CAPSA,13WI,140962X
,PEUGEOT,"207/308/206 (XR,XS,X3,XT,CC,SW) ",,,ENERJET,11W63 / 13W75,1862928 - 1839632
,PEUGEOT,"207/308/206 (XR,XS,X3,XT,CC,SW) ",,,CAPSA,13WI,140962X
,PEUGEOT,"306 (XR, XS, XT)",,,ENERJET,11W63 / 13W75,1862928 - 1839632
,PEUGEOT,"306 (XR, XS, XT)",,,CAPSA,13WI,140962X
,PEUGEOT,"405,  406",,,ENERJET,13S85,
,PEUGEOT,"405,  406",,,CAPSA,15MBI,1497596
,PEUGEOT,BOXER 1.9 DSL,,,ENERJET,15MB90,1862936
,PEUGEOT,BOXER 1.9 DSL,,,CAPSA,15MBI,1497596
,PEUGEOT,BOXER 2.5D / 2.8D,,,CAPSA,15MBI,1497596
,TOYOTA,"CORSA, ESTIMA",,,ENERJET,11D56,1839608
,TOYOTA,"YARIS , STARLET",,,ENERJET,11T56,1862901
,TOYOTA,CALDINA,,,ENERJET,15MB90,1862936
,TOYOTA,"COROLLA, CORONA, SPYDER",,,ENERJET,13S85  / 15M99,1839616 - 1839640
,TOYOTA,"CARINA, PICKUP, SOLARA",,,ENERJET,13S85  / 15M99,1839616 - 1839640
,TOYOTA,LAND CRUISER,,,ENERJET,13S85  / 15M99,1839616 - 1839640
,TOYOTA,RAV4,,,ENERJET,13S85  / 15M99,1839616 - 1839640
,TOYOTA,"HI-ICE, HILUX",,,ENERJET,13S85  / 15M99,1839616 - 1839640
,TOYOTA,"CAVALIER, PROBOX, TERCEL, VITZ",,,ENERJET,11T56 / 11D56 ,1862901 - 1839608
,TOYOTA,"CORSA, ESTIMA",,,CAPSA,13TODI,1634771
,TOYOTA,"YARIS , STARLET",,,CAPSA,11TOI,149760X
,TOYOTA,CALDINA,,,CAPSA,15APCGI,1409638
,TOYOTA,"COROLLA, CORONA, SPYDER",,,CAPSA,13TODI,1634771
,TOYOTA,"CARINA, PICKUP, SOLARA",,,CAPSA,15APCGI,1409638
,TOYOTA,LAND CRUISER,,,CAPSA,15APCGI,1409638
,TOYOTA,RAV4,,,CAPSA,13API,1409611
,TOYOTA,"HI-ICE, HILUX",,,CAPSA,15APCGI,1409638
,TOYOTA,AURIS,,,CAPSA,13TOI,1635220
,TOYOTA,"AVENSIS, CAVALIER",,,CAPSA,13API,1409611
,TOYOTA,"CELICA, MR2",,,CAPSA,13WI,140962X
,TOYOTA,URBAN CRUISER,,,,,
,TOYOTA,"4RUNNER, PRADO",,,CAPSA,13API,1409611
,TOYOTA,LUCIDA,,,CAPSA,13API,1409611
,HYUNDAI,SONATA ,,,ENERJET,13S85,1839616
,HYUNDAI,ACCENT,,,ENERJET,13W75,1839632
,HYUNDAI,EXCELL,,,ENERJET,13W75,1839632
,HYUNDAI,"H1, H100 BUS",,,ENERJET,15M99,1839640
,HYUNDAI,SONATA ,,,CAPSA,13API,1409611
,HYUNDAI,ACCENT,,,CAPSA,1135,1634798
,HYUNDAI,EXCELL,,,CAPSA,13W,149757X
,HYUNDAI,"H1, H100 BUS",,,CAPSA,15APCG,1497588
,HYUNDAI,"AZERA, MATRIX",,,CAPSA,10FDI,1511653
,HYUNDAI,"CHASIS, GALLOPER",,,CAPSA,15APCG,1497588
,HYUNDAI,COUPE TUBURON,,,CAPSA,1135,1634798
,HYUNDAI,ELANTRA,,,CAPSA,1135,1634798
,HYUNDAI,GENESIS,,,CAPSA,15MBI,1497596
,HYUNDAI,GRACE,,,CAPSA,15APCG,1497588
,HYUNDAI,GRACE VAN DLX7GS,,,CAPSA,15APCG,1497588
,HYUNDAI,H350,,,CAPSA,15APCG,1497588
,HYUNDAI,i 10,,,,,
,HYUNDAI,i 30,,,,,
,HYUNDAI,"PANEL,  STAREX, SANTA FE CM",,,CAPSA,15APCG,1497588
,HYUNDAI,"PORTER, PORTER SUPER",,,CAPSA,15APCG,1497588
,HYUNDAI,SCOUPE,,,CAPSA,11WI,1409603
,HYUNDAI,"SONATA I , SONATA II, SANTA FE SM",,,CAPSA,13API,1409611
,HYUNDAI,"TUCSON, VAN, TERRACAN, ",,,CAPSA,15APCGI,1409638
,HYUNDAI,VERACRUZ,,,CAPSA,13API,1409611
,DAEWOO,"TICO - MATIZ, LABO ,  DAMAS",,,ENERJET,11D56,1839608
,DAEWOO,"KORANDO 2.3, M USSO",,,ENERJET,15M99,1839640
,DAEWOO,"LEGANZA, PRINCE, JEREZ",,,ENERJET,13W75 /15MB90,1839632  -  1862936
,DAEWOO,CIELO,,,ENERJET,11W63 / 13W75,1862928 - 1839632
,DAEWOO,"ESPERO, LANOS, NUBIRA SEDAN/WAGON",,,ENERJET,11W63 / 13W75,1862928 - 1839632
,DAEWOO,"TICO - MATIZ, LABO ,  DAMAS",,,CAPSA,10FDI,1511653
,DAEWOO,"KORANDO 2.3, M USSO",,,CAPSA,15APCG,1497588
,DAEWOO,"LEGANZA, PRINCE, JEREZ",,,CAPSA,15MBI,1497596
,DAEWOO,CIELO,,,CAPSA,11WI,1409603
,DAEWOO,"ESPERO, LANOS, NUBIRA SEDAN/WAGON",,,CAPSA,13W,149757X
,DAEWOO,RACER,,,CAPSA,13WI,140962X
,DAEWOO,RACER ETI,,,CAPSA,13WI,140962X
,AUDI,"A6, A8, A8W12, ",,,ENERJET,15MB90,1862936
,AUDI,"Q5, Q7, R8, S4",,,ENERJET,15MB90,1862936
,AUDI,"A3 1.8  TURBO,  A4 2.8 , A4 , A6 2.8",,,ENERJET,11W63 - 13W75,1862928 - 1839632
,AUDI,"A3 1.8 ,  A4 1.8  SEDAN,  A4 1.8  TURBO",,,ENERJET,11W63 - 13W75,1862928 - 1839632
,AUDI,"A6, A8, A8W12, ",,,CAPSA,15MBI,1497596
,AUDI,"Q5, Q7, R8, S4",,,CAPSA,15MBI,1497596
,AUDI,"A3 1.8  TURBO,  A4 2.8 , A4 , A6 2.8",,,CAPSA,13WI,140962X
,AUDI,"A3 1.8 ,  A4 1.8  SEDAN,  A4 1.8  TURBO",,,CAPSA,13WI,140962X
,AUDI,"A3 2.0L DIESEL, A3 3.2L ",,,CAPSA,13WI,140962X
,AUDI,"A4 3.2L, A5 QUATTRO",,,CAPSA,15MBI,1497596
,AUDI,"TT, TT1.8, TT3.2, TTS2.0",,,CAPSA,15MBI,1497596
,BMW,316I,,,ENERJET,15MB90,1862936
,BMW,318-Z3,,,ENERJET,15MB90,1862936
,BMW,325I-Z3  1.9-523I,,,ENERJET,15MB90,1862936
,BMW,"520I, 528I,  540I-735I",,,ENERJET,15MB90,1862936
,BMW,"840CI, 850CI",,,ENERJET,15MB90,1862936
,BMW,316I,,,CAPSA,15MBI,1497596
,BMW,318-Z3,,,CAPSA,15MBI,1497596
,BMW,325I-Z3  1.9-523I,,,CAPSA,15MBI,1497596
,BMW,"520I, 528I,  540I-735I",,,CAPSA,15MBI,1497596
,BMW,"840CI, 850CI",,,CAPSA,15MBI,1497596
,MAZDA,MX-5,,,ENERJET,11T56,1862901
,MAZDA,3,,,ENERJET,11W63 / 13W75,1862928 - 1839632
,MAZDA,323,,,ENERJET,11W63 / 13W75,1862928 - 1839632
,MAZDA,626,,,ENERJET,11W63 / 13W75,1862928 - 1839632
,MAZDA,"CX-9, RX-7",,,ENERJET,13AD80,
,MAZDA,MX-5,,,CAPSA,13API,1409611
,MAZDA,3,,,CAPSA,11WI,1409603
,MAZDA,323,,,CAPSA,11WI,1409603
,MAZDA,626,,,CAPSA,13WI,140962X
,MAZDA,"5,  CX-7,  RX-8",,,CAPSA,13WI,140962X
,MAZDA,"6,  B2900, B2500",,,CAPSA,15APCG,1497588
,MAZDA,"ASAHI - IB1600,  MX-6",,,CAPSA,15APCG,1497588
,MAZDA,B2300 - B3000 - B4000,,,CAPSA,15APCG,1497588
,MAZDA,"CX-9, RX-7",,,CAPSA,13API,1409611
,MAZDA,DEMIO,,,CAPSA,10FDI,1511653
,SUZUKI,"MARUTI, FRONTE",,,ENERJET,11D56,1839608
,SUZUKI,GRAN NOMADE,,,ENERJET,15M99,1839640
,SUZUKI,AEREO,,,ENERJET,11T56,1862901
,SUZUKI,"APV,  BALENO,  CARRY BAN,  ",,,ENERJET,11T56,1862901
,SUZUKI,SX4,,,ENERJET,11T56,1862901
,SUZUKI,"SWIFT, GRAND VITARA,  JIMMY",,,ENERJET,11D56 / 11T56,1839608 - 18629201
,SUZUKI,"MARUTI, FRONTE",,,CAPSA,11TODI,163478X
,SUZUKI,GRAN NOMADE,,,CAPSA,13API,1409611
,SUZUKI,AEREO,,,CAPSA,11TODI,163478X
,SUZUKI,"APV,  BALENO,  CARRY BAN,  ",,,CAPSA,13TODI,1634771
,SUZUKI,"SWIFT, GRAND VITARA,  JIMMY",,,CAPSA,13TODI,1634771
,SUZUKI,"ALTO, CELERIO",,,CAPSA,10FDI,1511653
,SUZUKI,VITARA,,,CAPSA,13TOI,1635220
,JEEP,CHEROKE,,,CAPSA,13W,149757X
,JEEP,COMANCHE,,,CAPSA,13W,149757X
,JEEP,COMMANDER,,,CAPSA,13W,149757X
,JEEP,GRAND CHEROKEE,,,CAPSA,15MBI,1497596
,JEEP,LIBERTY,,,CAPSA,15MBI,1497596
,JEEP,PATRIOT,,,CAPSA,15MBI,1497596
,JEEP,WRANGLER,,,CAPSA,13W,149757X
,JEEP,WRANGLER,,,ENERJET,13W75,1839632
,DATSUN,100  A - 120 A,,,CAPSA,11AP,1888234
,DATSUN,140 J - 160 J,,,CAPSA,11AP,1888234
,DAIHATSU,"SIRION - APLAUSE, APLAUSE II",,,ENERJET,11D56,1839608
,DAIHATSU,"CHARADE II,III, IV, ",,,ENERJET,11D56,1839608
,DAIHATSU,"ROCKY ,  SIRION M1, M3,  FEROZA",,,ENERJET,11D56,1839608
,DAIHATSU,GRAN MOVE G3,,,ENERJET,11T56,1862901
,DAIHATSU,TERIOS,,,ENERJET,13S85,
,DAIHATSU,"SIRION - APLAUSE, APLAUSE II",,,CAPSA,11TODI,163478X
,DAIHATSU,"CHARADE II,III, IV, ",,,CAPSA,11TODI,163478X
,DAIHATSU,"ROCKY ,  SIRION M1, M3,  FEROZA",,,CAPSA,13TOI,1635220
,DAIHATSU,GRAN MOVE G3,,,CAPSA,11TOI,149760X
,DAIHATSU,"COURE I, II,III,IV,V,VI,VII,VIII",,,CAPSA,11TODI,163478X
,DAIHATSU,TERIOS,,,CAPSA,13TOI,1635220
,DAIHATSU,DELTA CHASIS 2T - V57,,,CAPSA,15APCG,1497588
,DAIHATSU,DELTAV 116,,,CAPSA,15APCG,1497588
,DAIHATSU,DELTA CHASIS V118 CAM,,,CAPSA,15APCG,1497588
,HONDA,ACCORD - 4 CIL,,,ENERJET,11T56,1862901
,HONDA,CIVIC,,,ENERJET,11T56,1862901
,HONDA,INTEGRA,,,ENERJET,11T56,1862901
,HONDA,ACCORD - 4 CIL,,,CAPSA,1135,1634798
,HONDA,CIVIC,,,CAPSA,13TOI,1635220
,HONDA,INTEGRA,,,CAPSA,13TOI,1635220
,HONDA,ACCORD - 6 CIL,,,CAPSA,1135,1634798
,HONDA,CR-V   - RVI,,,CAPSA,13TOI,1635220
,HONDA,ELANTRA,,,CAPSA,1135,1634798
,HONDA,PILOT,,,CAPSA,13API,1409611
,HONDA,"PRELUDE/CRV,  LEGEND",,,CAPSA,13TOI,1635220
,HONDA,RVSI,,,CAPSA,13TOI,1635220
,HONDA,TORNEO,,,CAPSA,13TOI,1635220
,MITSUBISHI,LIBERO,,,ENERJET,11D56,1839608
,MITSUBISHI,OUTLANDER,,,ENERJET,13S85,1839616
,MITSUBISHI,MONTERO,,,ENERJET,15M99 ,1839640
,MITSUBISHI,"MIRAGE,  LANCER",,,ENERJET,11T56,1862901
,MITSUBISHI,LIBERO,,,CAPSA,15APCG,1497588
,MITSUBISHI,OUTLANDER,,,CAPSA,15APCG,1497588
,MITSUBISHI,MONTERO,,,CAPSA,15APCG,1497588
,MITSUBISHI,"MIRAGE,  LANCER",,,CAPSA,13WI,140962X
,MITSUBISHI,"CANTER,  MONTERO 3.2,  NATIVA",,,CAPSA,15APCG,1497588
,MITSUBISHI,COLT,,,CAPSA,13W,149757X
,MITSUBISHI,"DIAMANTE,  ENDEAVOL,  EXPO,  ",,,CAPSA,13API,1409611
,MITSUBISHI,ECLIPSE,,,CAPSA,13WI,140962X
,MITSUBISHI,"FUSO/ROSA, GALANT 3.8L",,,,,
,MITSUBISHI,GALANT,,,,,
,MITSUBISHI,L200,,,CAPSA,15APCG,1497588
,MITSUBISHI,PAJERO,,,CAPSA,13TODI,1634771
,SUBARU,OUTBACK,,,ENERJET,11W63  /  13W75,1862928 - 1839632
,SUBARU,FORESTER,,,ENERJET,11W63  /  13W75,1862928 - 1839632
,SUBARU,IMPREZA,,,ENERJET,11W63  /  13W75,1862928 - 1839632
,SUBARU,LEGACY,,,ENERJET,11W63  /  13W75,1862928 - 1839632
,SUBARU,OUTBACK,,,CAPSA,1135,1634798
,SUBARU,FORESTER,,,CAPSA,1135,1634798
,SUBARU,IMPREZA,,,CAPSA,1135,1634798
,SUBARU,LEGACY,,,CAPSA,1135,1634798
,SUBARU,JUSTY,,,CAPSA,1135,1634798
,DODGE,"CARAVAN,  GRAN CARABAN, CHALLENGER",,,ENERJET,13S85,1839616
,DODGE,"DAKOTA, DURANGO",,,ENERJET,15M99,1839640
,DODGE,"CARAVAN,  GRAN CARABAN, CHALLENGER",,,CAPSA,15MBI,1497596
,DODGE,"DAKOTA, DURANGO",,,CAPSA,15MBI,1497596
,DODGE,SPIRIT 2500  3500,,,CAPSA,15MBI,1497596
,DODGE,"DAYTONA,DIPLOMAT,Intrepid,Lancer,Viper",,,CAPSA,15MBI,1497596
,DODGE,"MONACO,SPIRIT,CALIBER,COLT,RAIDER",,,CAPSA,15MBI,1497596
,DODGE,SIENA/STRADA/TEMPRA,,,CAPSA,15MBI,1497596
,DODGE,AVENGER,,,CAPSA,15MBI,1497596
,DODGE,"PALIO (SEDN, HATCHBACK, Y AVENTURE)",,,CAPSA,15MBI,1497596
,FIAT,"ALBEA, BRAVO, IDEA, ADVENTURE",,,ENERJET,11W63 /  13W75,1862928 - 1839632
,FIAT,"DUCATO, CARAVAN , PALIO, CLUB SCR",,,ENERJET,11W63 /  13W75,1862928 - 1839632
,FIAT,"UNO, MILLE, 70S, 1300, 128 SAN REMO, 1300, ",,,ENERJET,11W63 /  13W75,1862928 - 1839632
,FIAT,"ALBEA, BRAVO, IDEA, ADVENTURE",,,CAPSA,13WI,140962X
,FIAT,"DUCATO, CARAVAN , PALIO, CLUB SCR",,,CAPSA,15MBI,1497596
,FIAT,"UNO, MILLE, 70S, 1300, 128 SAN REMO, 1300, ",,,CAPSA,13WI,140962X
,FIAT,"PANADA, Y STILO",,,CAPSA,15MBI,1497596
,Mercedes-Benz,"300CE,D,E,SD, SE, SEL, SL, TE, ",,,ENERJET,15MB90,1862936
,Mercedes-Benz,190E,,,CAPSA,15MBI,1497596
,Mercedes-Benz,"300CE,D,E,SD, SE, SEL, SL, TE, ",,,CAPSA,15MBI,1497596
,Mercedes-Benz,"350SD, SDL,  400E, SE, SEL,  420SEL",,,CAPSA,15MBI,1497596
,Mercedes-Benz,"500E, SEC, SEL, SL, ",,,CAPSA,15MBI,1497596
,Mercedes-Benz,560SEL,,,CAPSA,15MBI,1497596
,Mercedes-Benz,"600SEC, SEL, SL,   C220,  C-320",,,CAPSA,15MBI,1497596
,Mercedes-Benz,"B200,  C230, ",,,CAPSA,15MBI,1497596
,Mercedes-Benz,"E300,  E320,  E350,  E430,  E500",,,CAPSA,15MBI,1497596
,Mercedes-Benz,L1113 - LP1419 - LPS1525 - L1113 - L1418 - LS1418,,,CAPSA,15MBI,1497596
,Mercedes-Benz,"ML320, ML430,  ML450,  ML500, ML550",,,CAPSA,15MBI,1497596
,Mercedes-Benz,"R320, R350, R500, S450, S500, S550, S600",,,CAPSA,15MBI,1497596
,Mercedes-Benz,"S320, S350, S400, S420, S430, ",,,CAPSA,15MBI,1497596
,Land-Rover,DEFENDER 110,,,ENERJET,13S85,1839616
,Land-Rover,DEFENDER 90,,,ENERJET,13S85,1839616
,Land-Rover,"FREELANDER (BASE AUTOMA, SE, SPORT)",,,ENERJET,15MB90,1862936
,Land-Rover,DEFENDER 110,,,CAPSA,15APCG,1497588
,Land-Rover,DEFENDER 90,,,CAPSA,15APCG,1497588
,Land-Rover,"FREELANDER (BASE AUTOMA, SE, SPORT)",,,CAPSA,15APCG,1497588
,Land-Rover,"DISCO VERY (HSE, S, SD, Y SE7)",,,CAPSA,15APCG,1497588
,Land-Rover,"DISCOVERY,  DISCOVERY LS,  DISCOVERY XS",,,CAPSA,15APCG,1497588
,Land-Rover,RANGER ROVER,,,CAPSA,15APCG,1497588
,Land-Rover,RANGER ROVER V8 4.OL V8 4.6L ,,,CAPSA,15APCG,1497588
,FORD,ECOSPORT,,,ENERJET,13W75,1839632
,FORD,"FESTIVA, FIESTA, KA,  GRADADA, ORION",,,ENERJET,13W75,1839632
,FORD,"BRONCO, II",,,ENERJET,15M99,1839640
,FORD,RANGER,,,ENERJET,15MB90,1862936
,FORD,RANGER /TAURUS ,,,ENERJET,15MB90,1862936
,FORD,ECOSPORT,,,CAPSA,13WI,140962X
,FORD,"FESTIVA, FIESTA, KA,  GRADADA, ORION",,,CAPSA,11WI,1409603
,FORD,"BRONCO, II",,,CAPSA,15APCG,1497588
,FORD,RANGER,,,CAPSA,15APCG,1497588
,FORD,RANGER /TAURUS ,,,CAPSA,15MBI,1497596
,FORD,ESCORT,,,CAPSA,13WI,140962X
,FORD,"F150,250,350,800, 8000, 6000, D500,LTI9000",,,CAPSA,1731P,1635239
,FORD,CONTOUR/MONDEO,,,CAPSA,15MBI,1497596
,FORD,EXPEDITION,,,CAPSA,15MBI,1497596
,FORD,EXPLORER/RANGER 3.0/4.0,,,CAPSA,15APCG,1497588
,FORD,MERCURY,,,CAPSA,15MBI,1497596
,ISUZU,"AMIGO,  AXIOM,  FARGO",,,CAPSA,15APCG,1497588
,ISUZU,GEMINI,,,CAPSA,15APCGI,1409638
,ISUZU,IMPULSE,,,CAPSA,15APCG,1497588
,ISUZU,JOURNEY,,,CAPSA,15APCG,1497588
,ISUZU,OASIS,,,CAPSA,15APCG,1497588
,ISUZU,RODEO,,,CAPSA,15APCG,1497588
,ISUZU,TROPER,,,CAPSA,15APCG,1497588
,CITROEN,AX ALLURE,,,ENERJET,13W75,1839632
,CITROEN,XSARA SX 16V,,,ENERJET,13W75,1839632
,CITROEN,JUNPER 2.5 DIESEL,,,ENERJET,15MB90,1862936
,CITROEN,AX ALLURE,,,CAPSA,13WI,140962X
,CITROEN,XSARA SX 16V,,,CAPSA,13WI,140962X
,CITROEN,JUNPER 2.5 DIESEL,,,CAPSA,15MBI,1497596
,CITROEN,AMI 8,,,CAPSA,13WI,140962X
,CITROEN,C15 DIESEL,,,CAPSA,13WI,140962X
,CITROEN,XANTIA (SX-ACTIVAS),,,CAPSA,13WI,140962X
,CITROEN,XM - V16 - BX - GTI,,,CAPSA,13WI,140962X
,CITROEN,"ZX - XANTIA BREAK, ZX DIESEL",,,CAPSA,13WI,140962X
,CITROEN,AX DIESEL,,,CAPSA,13WI,140962X
,CITROEN,BERLINGO,,,CAPSA,15MBI,1497596
,CITROEN,C3,,,CAPSA,13WI,140962X
,CITROEN,"C4 HDI,",,,,,
,CITROEN,SAXO SX1.4 - VTR1.6,,,CAPSA,13WI,140962X
,CITROEN,SAXO VTS 16V,,,CAPSA,13WI,140962X
,FAW,F1,,,CAPSA,13WI,140962X
,FAW,"F4,  F5",,,CAPSA,13WI,140962X
,PORSCHE,911,,,ENERJET,15MB90,1862936
,PORSCHE,928,,,ENERJET,15MB90,1862936
,PORSCHE,911,,,CAPSA,15MBI,1497596
,PORSCHE,928,,,CAPSA,15MBI,1497596
,PORSCHE,968,,,CAPSA,15MBI,1497596
,PORSCHE,CARRERA,,,CAPSA,15MBI,1497596
,PORSCHE,CAYENNE,,,CAPSA,15MBI,1497596
,PORSCHE,PANAMERA,,,CAPSA,15MBI,1497596
,LADA,NIVA,,,ENERJET,13W75,1839632
,LADA,SAMARA,,,ENERJET,13W75,1839632
,LADA,NIVA,,,CAPSA,11WI,1409603
,LADA,SAMARA,,,CAPSA,11WI,1409603
,LADA,NIVA DIESEL,,,CAPSA,11WI,1409603
,RENAULT,LAGUNA,,,ENERJET,13W75,1839632
,RENAULT,MEGANE,,,ENERJET,15MB90,1862936
,RENAULT,SCENIC,,,ENERJET,15MB90,1862936
,RENAULT,LAGUNA,,,CAPSA,13WI,140962X
,RENAULT,MEGANE,,,CAPSA,13WI,140962X
,RENAULT,SCENIC,,,CAPSA,13WI,140962X
,RENAULT,CLIO,,,CAPSA,13WI,140962X
,RENAULT,LOGAN,,,,,
,RENAULT,FLUENCE,,,,,
,RENAULT,DUSTER,,,,,
,RENAULT,KOLEOS,,,,,
,VOLKSWAGEN,CABRIO,,,ENERJET,13W75,1839632
,VOLKSWAGEN,CROSSFOX,,,ENERJET,11W63,1862928
,VOLKSWAGEN,PASSAT,,,ENERJET,11W63,1862928
,VOLKSWAGEN,PARATI,,,ENERJET,15MB90,1862936
,VOLKSWAGEN,BEETLE,,,ENERJET,15MB90,1862936
,VOLKSWAGEN,BORA,,,ENERJET,15MB90,1862936
,VOLKSWAGEN,CADDY,,,ENERJET,15MB90,1862936
,VOLKSWAGEN,CROSSOVER,,,ENERJET,15MB90,1862936
,VOLKSWAGEN,GOL,,,ENERJET,15MB90,1862936
,VOLKSWAGEN,JETTA,,,ENERJET,15MB90,1862936
,VOLKSWAGEN,POLO,,,ENERJET,15MB90,1862936
,VOLKSWAGEN,QUANTUM,,,ENERJET,15MB90,1862936
,VOLKSWAGEN,SEDAN,,,ENERJET,15MB90,1862936
,VOLKSWAGEN,TIGUAN,,,ENERJET,15MB90,1862936
,VOLKSWAGEN,VANAGON,,,ENERJET,15MB90,1862936
,VOLKSWAGEN,VENTO,,,ENERJET,15MB90,1862936
,VOLKSWAGEN,KOMBI,,,ENERJET,11W63 / 13W75,1862928 - 1839632
,VOLKSWAGEN,ESCARABAJO,,,ENERJET,11W63 / 13W75,1862928 - 1839632
,VOLKSWAGEN,AMAZON,,,ENERJET,11W63 / 13W75,1862928 - 1839632
,VOLKSWAGEN,CABRIO,,,CAPSA,15MBI,1497596
,VOLKSWAGEN,CROSSFOX,,,,,
,VOLKSWAGEN,PASSAT,,,CAPSA,15MBI,1497596
,VOLKSWAGEN,PARATI,,,CAPSA,13WI,140962X
,VOLKSWAGEN,BEETLE,,,CAPSA,13WI,140962X
,VOLKSWAGEN,BORA,,,CAPSA,15MBI,1497596
,VOLKSWAGEN,CADDY,,,CAPSA,15MBI,1497596
,VOLKSWAGEN,CROSSOVER,,,CAPSA,13WI,140962X
,VOLKSWAGEN,GOL,,,CAPSA,13WI,140962X
,VOLKSWAGEN,JETTA,,,CAPSA,15MBI,1497596
,VOLKSWAGEN,POLO,,,CAPSA,13WI,140962X
,VOLKSWAGEN,QUANTUM,,,CAPSA,15MBI,1497596
,VOLKSWAGEN,SEDAN,,,CAPSA,13WI,140962X
,VOLKSWAGEN,TIGUAN,,,CAPSA,15MBI,1497596
,VOLKSWAGEN,VANAGON,,,CAPSA,15MBI,1497596
,VOLKSWAGEN,VENTO,,,CAPSA,13WI,140962X
,VOLKSWAGEN,KOMBI,,,CAPSA,13WI,140962X
,VOLKSWAGEN,ESCARABAJO,,,CAPSA,11WI,1409603
,VOLKSWAGEN,AMAZON,,,CAPSA,11WI,1409603
,VOLKSWAGEN,GOLF,,,,,
,VOLKSWAGEN,TOUAREG,,,CAPSA,15MBI,1497596
,VOLVO,C30,,,ENERJET,15MB90,1862936
,VOLVO,"S70,  S80, S90, C70",,,ENERJET,15MB90,1862936
,VOLVO,"V40,  V50,  V70,  V90",,,ENERJET,15MB90,1862936
,VOLVO,"XC60, XC70,  XC90",,,ENERJET,15MB90,1862936
,VOLVO,S40,,,ENERJET,11W63,1862928
,VOLVO,"240, 740, 780, 850,  940",,,ENERJET,13W75,1839632
,VOLVO,S60,,,ENERJET,13W75,1839632
,VOLVO,"S70,  S80, S90, C70",,,CAPSA,15MBI,1497596
,VOLVO,"V40,  V50,  V70,  V90",,,CAPSA,15MBI,1497596
,VOLVO,"XC60, XC70,  XC90",,,CAPSA,15MBI,1497596
,VOLVO,S40,,,CAPSA,15MBI,1497596
,VOLVO,"240, 740, 780, 850,  940",,,CAPSA,15MBI,1497596
,VOLVO,S60,,,CAPSA,15MBI,1497596
,SEAT,IBIZA,,,CAPSA,13WI,140962X
,SEAT,LEON FR,,,CAPSA,15MBI,1497596
,SEAT,CUPRA,,,,,
,MAHINDRA,SCORPIO,,,CAPSA,15APCG,1497588
,SSANG YONG,ACTYON,,,CAPSA,15APCG,1497588
,SSANG YONG,KORANDO,,,CAPSA,15APCG,1497588
,SSANG YONG,KYRON,,,,,
,SSANG YONG,REXTON,,,CAPSA,15APCG,1497588
,SSANG YONG,STAVIC,,,CAPSA,15APCG,1497588
