,,,,ETNA,,,,,,,,,,
CHEVROLET,MODELO DE VEHICULO,AÑO,VERSION,SKU,MODELO,AÑO,VERSION,SKU,MODELO,AÑO,VERSION,SKU,MODELO,
,CAMARO - CORSICA,2000 -,GASOLINA,512303,S1215 -EM,2000 +,GASOLINA,512303,S1215 -EM,2006 +,GASOLINA,512303,S1215 -EM,
,CRUZE,2000 -,,,,2000 +,,,,2006 +,GASOLIINA,189823X,SD 13 AD,
,"SAIL, SONIC",2000 -,,,,2000 +,,,,2006 +,GASOLINA,512311 / 1981196,FF11PRO / FF13AD,
,CHEVETTE ,2000 -,GASOLINA,44079 / 222305,W-11 AD / W-13 PRO,2000 +,GASOLINA,1898213/ 222305,W-11 AD / W-13 PRO,2006 +,GASOLINA,44079 / 222305,W-11 AD / W-13 PRO,
,CORSA - ASTRA 18,2000 -,GASOLINA,44079 / 222305,W-11 AD / W-13 PRO,2000 +,GASOLINA,1898213/ 222305,W-11 AD / W-13 PRO,2006 +,,,,
,AVEO,2000 -,,,,2000 +,,,,2006 +,,CODIFICAR,W13- INV PRO,
,LUV-PICK UP,2000 -,GASOLINA,512338,V13 Z -INV PRO,2000 +,GASOLINA,512338,V13 Z -INV PRO,2006 +,,,,
,LUV-PICK UP,2000 -,DIESEL,410136,FH1215 PRO,2000 +,DIESEL,410136,FH1215 PRO,2006 +,,,,
,VECTRA,2000 -,,1845799/ 1845802,W-13 PL / S-1215 PL,2000 +,,,,2006 +,,,,
,"CAVALIER, CELEBRITY",2000 -,GASOLINA,222305 / 1898221/ 1845799,W13Z PRO / AD / PL,2000 +,GASOLINA,222305 / 1898221/ 1845799,W13Z PRO / AD / PL,2006 +,,,,
,MONZA,2000 -,GASOLINA,512303/ 1845802,S1215 -EM PRO /  PL,2000 +,GASOLINA,512338/ 1845802,S1215 -EM PRO / S1215 -EM PL,2006 +,,,,
,"BRIGADIER TANDEM, BUSES ESCOLARES",2000 -,DIESEL,CODIFICAR,S1219-PRO,2000 +,GASOLINA,CODIFICAR,S1219-PRO,2006 +,,,,
,CAPTIVA,2000 -,,,,2000 +,GASOLINA,,SD13AD,2006 +,GASOLINA,189823X,SD13AD,
,CHEVI ,2000 -,,,,2000 +,GASOLINA,,W13Z PRO ,2006 +,GASOLINA,222305,W13Z PRO ,
,SUPERBRIGADIER,2000 -,DIESEL,CODIFICAR,S1219-PRO,2000 +,,CODIFICAR,S1219-PRO,2006 +,,CODIFICAR,S1219-PRO,
,,2000 -,,,,2000 +,,,,2006 +,,,,
KIA,MODELO DE VEHICULO,AÑO,VERSION,SKU,MODELO,AÑO,VERSION,SKU,MODELO,AÑO,VERSION,SKU,MODELO,
,PICANTO,2000 -,,,,2000 +,,,,2006 +,GASOLINA,222275,HL-11  PRO,
,SOUL,2000 -,,,,2000 +,,,,2006 +,GASOLINA,189823X,SD13AD,
,SEPHIA/CLARUS,2000 -,GASOLINA,1845780 / 222305,W-13 PL / W- 13 AD,2000 +,GASOLINA,1845780 / 222305,W-13 PL / W- 13 AD,2006 +,GASOLINA,1845780 / 222305,W-13 PL / W- 13 AD,
,CAPITAL - PRIDE,2000 -,GASOLINA,1898248 / 1898221,V-13 INV PL / W-13 AD,2000 +,GASOLINA,1898248 / 1898221,V-13 INV PL / W-13 AD,2006 +,GASOLINA,1898248 / 1898221,V-13 INV PL / W-13 AD,
,RIO,2000 -,GASOLINA,222305 / 189823X,W-13 PRO / SD 13Z,2000 +,GASOLINA,222305 / 189823X,W-13 PRO / SD 13Z,2006 +,GASOLINA,222305,W-13 PRO / SD 13Z,
,CARENS - CARNIVAL - K2700,2000 -,DIESEL,410136,FH1215 PRO,2000 +,DIESEL,410136,FH1215 PRO,2006 +,DIESEL,410136,FH1215 PRO,
,CARENS - CARNIVAL - K2700,2000 -,GASOLINA,512338,V-13 INV PRO ,2000 +,GASOLINA,512338,V-13 INV PRO ,2006 +,GASOLINA,512338,V-13 INV PRO ,
,PREGIO,2000 -,DIESEL,410136,FH1215 PRO,2000 +,DIESEL,410136,FH1215 PRO,2006 +,DIESEL,410136,FH1215 PRO,
,PREGIO,2000 -,GASOLINA,1845802,V-13 PL,2000 +,GASOLINA,1845802,V-13 PL,2006 +,GASOLINA,1845802,V-13 PL INV,
,CERATO,2000 -,,,,2000 +,GASOLINA,122305 / 1845799,W-13 / W-13 PL,2006 +,GASOLINA,22305 / 1845799,W-13 / W-13 PL,
,OPTIMA,2000 -,GASOLINA,512303, S-1215 EM,2000 +,GASOLINA,1898248 / 512303,V-13 INV PL / S-1215 EM,2006 +,GASOLINA,1898248 / 512303,V-13 INV PL / S-1215 EM,
,SPORTAGE - SORENTO,2000 -,GASOLINA,512338,V-13 INV PRO,2000 +,GASOLINA,512338,V-13 INV PRO,2006 +,GASOLINA,512338 / 189823X,V-13 INV PRO / SD13 AD,
,,2000 -,,,,2000 +,,,,2006 +,,,,
NISSAN,MODELO DE VEHICULO,AÑO,VERSION,SKU,MODELO,AÑO,VERSION,SKU,MODELO,AÑO,VERSION,SKU,MODELO,
,TIIDA,2000 -,,,,2000 +,,,,2006 +,GASOLINA,,W13 Z/ FF13AD,
,"AD WAGON,ALMERA,ALMERA Q616,SUNNY",2000 -,GASOLINA,1898205 / 512338,FF-11  PD  AD / V13INV PRO,2000 +,GASOLINA,1898248 /  512338,FF-11  PD  AD / V13INV PRO,2006 +,GASOLINA,,FF-11  PD  AD / V13INV PRO,
,"ALTIMA - ALTIMA 3.5L, STANZA, VANETTE",2000 -,DIESEL,410136,FH1215 PRO,2000 +,DIESEL,410136,FH1215 PRO,2006 +,,,,
,"ALTIMA - ALTIMA 3.5L, STANZA, VANETTE",2000 -,GASOLINA,189823X / 1898248,SD-13  AD / V-13 INV PL,2000 +,GASOLINA,189823X / 1898248,SD-13  AD / V-13 INV PL,2006 +,,,,
,VERSA,2000 -,,,,2000 +,,,,2006 +,GASOLINA,1898213/ 1898248 /215303,W11-AD -W13 PRO -S1215 EM,
,BLUEBIRD,2000 -,GASOLINA,222275 /  1898205,HL-11 / FF-11  PD AD ,2000 +,GASOLINA,222275 /  1898205,HL-11 / FF-11  PD AD ,2006 +,GASOLINA,222275 /  1898205,HL-11 / FF-11  PD AD ,
,"FRONTIER, ALMERA,",2000 -,DIESEL,410136,FH1215 PRO,2000 +,DIESEL,410136,FH1215 PRO,2006 +,DIESEL,,FH1215 PRO,
," PULSAR, SILVIA, ALMERA",2000 -,GASOLINA,1898205 / 1898248,FF11 P/D AD  / W13Z PRO,2000 +,GASOLINA,1898205/ 1898248,FF11 P/D AD / W13Z PRO,2006 +,,,,
,FIERA,2000 -,GASOLINA,1845802 / 512338,V-13 PL / V-13 INV PRO,2000 +,GASOLINA,222291 / 512338,V-13 PRO  / V-13 INV PRO,2006 +,,,,
,"MAXIMA, ",2000 -,DIESEL,512338,V13Z INV PRO ,2000 +,DIESEL,512338,V13Z INV PRO ,,DIESEL,512338,V13Z INV PRO ,
,"MAXIMA, PRIMERA",2000 -,GASOLINA,1845780 / 1845802,W-13 PL / S-1215 PL,2000 +,GASOLINA,1845780 / 1845802,W-13 PL / S-1215 PL,2006 +,GASOLINA,1845780 / 1845802,W-13 PL / S-1215 PL,
,MARCH,2000 -,,,,2000 +,GASOLINA,222275,HL-11 PRO / AD / PL,2006 +,GASOLINA,222275,HL-11 PRO / AD / PL,
,SENTRA L4 1.6 Y 2.0 -- SENTRA L4 2.0L,2000 -,GASOLINA,1898248 / 189823X,W13PRO /V-13 INV PL / SD-13 AD,2000 +,GASOLINA,1898248 / 189823X,W13PRO /V-13 INV PL / SD-13 AD,2006 +,GASOLINA,1898248 / 189823X,W13PRO /V-13 INV PL / SD-13 AD,
,QASHQAI,2000 -,,,,2000 +,GASOLINA,189823X /512338/ 1898248,SD13AD / V13Z INVPRO / PL,2006 +,GASOLINA,189823X/512338/1898248,SD13AD / V13Z INVPRO /  PL,
,MURANO,2000 -,GASOLINA,222305 / 1898221/ 1845799,W13Z PRO / AD / PL,2000 +,GASOLINA,222305 / 1898221/ 1845799,W13Z PRO / AD / PL,2006 +,GASOLINA,222305 / 1898221/ 1845799,W13Z PRO / AD / PL,
,PATHFINDER - PATHFINDER R50  3.5L,2000 -,DIESEL,1898248 / 410136,V-13 INV PL / FH-1215 PRO,2000 +,DIESEL,1898248 / 410136,V-13 INV PL / FH-1215 PRO,2006 +,DIESEL,1898248 / 410136,V-13 INV PL / FH-1215 PRO,
,PATROL,2000 -,DIESEL,1898248 / 410136,V-13 INV PL / FH-1215 AD,2000 +,DIESEL,1898248 / 410136,V-13 INV PL / FH-1215 PRO,2006 +,DIESEL,1898248 / 410136,V-13 INV PL / FH-1215 PRO,
,"PATHFINDER R51  , SEVILLA",2000 -,DIESEL,410136,FH-1215 Z PRO,2000 +,DIESEL,410136,FH-1215 Z PRO,2006 +,DIESEL,410136,FH-1215 Z PRO,
,"TERRANO, URBAN",2000 -,DIESEL,410136,FH-1215 Z PRO,2000 +,DIESEL,410136,FH-1215 Z,2006 +,DIESEL,410136,FH-1215 Z,
,,2000 -,,,,2000 +,,,,2006 +,,,,
PEUGEOT,MODELO DE VEHICULO,AÑO,VERSION,SKU,MODELO,AÑO,VERSION,SKU,MODELO,AÑO,VERSION,SKU,MODELO,
,106/205/206/305/306,2000 -,GASOLINA,1898213  /1898221 ,W-11  AD / W13 AD,2000 +,GASOLINA,1898213  /1898221 ,W-11  AD / W13 AD,2006 +,GASOLINA,1898213  /1898221 ,W-11  AD / W13 AD,
,"207/308/206 (XR,XS,X3,XT,CC,SW) ",2000 -,GASOLINA,1898213  /1898221 ,W-11 AD / W13 AD,2000 +,GASOLINA,1898213  /1898221 ,W-11 AD / W13 AD,2006 +,GASOLINA,1898213  /1898221 ,W-11 AD / W13 AD,
,"306 (XR, XS, XT)",2000 -,GASOLINA,1898213  /1898221 ,W-11 AD / W13 AD,2000 +,GASOLINA,1898213  /1898221 ,W-11 AD / W13 AD,2006 +,GASOLINA,1898213  /1898221 ,W-11 AD / W13 AD,
,"405,  406",2000 -,GASOLINA,1898221  / 1845799,W-13 AD / S-1215 PL,2000 +,GASOLINA,1898221  / 1845799,W-13 AD / S-1215 PL,2006 +,GASOLINA,1898221  / 1845799,W-13 AD / S-1215 PL,
,407,2000 -,GASOLINA,1898221  / 1845800,W-13 AD / S-1215 PL,2000 +,GASOLINA,1898221  / 1845800,W-13 AD / S-1215 PL,2006 +,GASOLINA,1898221  / 1845800,W-13 AD / S-1215 PL,
,505,2000 -,GASOLINA,1898213  /1898221 ,W-11  AD / W13 AD,2000 +,GASOLINA,1898213  /1898221 ,W-11  AD / W13 AD,2006 +,GASOLINA,1898213  /1898221 ,W-11  AD / W13 AD,
,607,2000 -,GASOLINA,1898213  /1898221 ,W-11  AD / W13 AD,2000 +,GASOLINA,1898213  /1898221 ,W-11  AD / W13 AD,2006 +,GASOLINA,1898213  /1898221 ,W-11  AD / W13 AD,
,307,2000 -,,,,2000 +,,,,2006 +,GASOLINA,44085  /1898221 ,W-11  AD / W13 AD,
,BOXER 1.9 DSL,2000 -,DIESEL,CODIFICAR,S1219 -EM PRO,2000 +,DIESEL,CODIFICAR,S1219 -EM PRO,2006 +,DIESEL,CODIFICAR,S1219 -EM PRO,
,BOXER 2.5D / 2.8D,2000 -,DIESEL,CODIFICAR,S1219 -EM PRO,2000 +,DIESEL,CODIFICAR,S1219 -EM PRO,2006 +,DIESEL,CODIFICAR,S1219 -EM PRO,
,,2000 -,,,,2000 +,,,,2006 +,,,,
TOYOTA,MODELO DE VEHICULO,AÑO,VERSION,SKU,MODELO,AÑO,VERSION,SKU,MODELO,AÑO,VERSION,SKU,MODELO,
,CALDINA,2000 -,GASOLINA,512338 / 1898248,V-13 INV PRO / PL,2000 +,GASOLINA ,,V-13 INV PRO / AD / PL,2006 +,GASOLINA ,,V-13 INV PRO / AD / PL,
,CALDINA,2000 -,DIESL,410136,FH1215 PRO,2000 +,DIESEL,,FH1215 PRO,2006 +,DIESEL,,FH1215 PRO,
,"COROLLA, CORONA, SPYDER",2000 -,GASOLINA,1845772 / 512338,FF-11 PD PL / V-13 INV PRO,2000 +,GASOLINA,1845772 / 512338,FF-11 PD PL / V-13 INV PRO,2006 +,,,,
,"VITZ, PROBOX",2000 -,,,,2000 +,GASOLINA,,"HL- 11Z PRO, SD13Z AD",2006 +,GASOLINA,222275 / 189823X,"HL- 11Z PRO, SD13Z AD",
,"CAVALIER, , TERCEL, ",2000 -,GASOLINA,222275,HL-11 PRO,2000 +,,,,2006 +,,,,
,"YARIS , STARLET",2000 -,GASOLINA,222275 / 1898205,HL-11 PRO / FF-11  P/D AD,2000 +,,,,2006 +,,,,
,"CARINA, SOLARA",2000 -,GASOLINA,1898221 / 512338,W-13 AD / V-13 INV PRO,2000 +,GASOLINA,1898221 / 512338,W-13 AD / V-13 INV PRO,2006 +,,,,
,"CORSA, ESTIMA",2000 -,GASOLINA,1898221 / 512338,W-13 AD / V-13 INV PRO,2000 +,GASOLINA,1898221 / 512338,W-13 AD / V-13 INV PRO,2006 +,,,,
,AURIS,2000 -,,,,2000 +,,,,2006 +,GASOLINA,512338 / 1898248,V13Z- INV PRO /  PL,
,LAND CRUISER,2000 -,GASOLINA,1898248,V-13 INV PL  / PRO / AD,2000 +,GASOLINA,1898248 / 512338,V-13 INV PL  / PRO ,2006 +,GASOLINA,512338 / 1898249,V13Z- INV PRO /  PL,
,LAND CRUISER,2000 -,DIESEL,410137,  FH-1215 PRO,2000 +,DIESEL,410136,  FH-1215 PRO,2006 +,DIESEL,410137,  FH-1215 PRO,
,RAV4,2000 -,GASOLINA,189823X / 512338,SD-13 AD / V-13 INV PL,2000 +,GASOLINA,189823X / 512338,SD-13 AD / V-13 INV PL,2006 +,GASOLINA,189823X / 1898248,SD-13 AD / V-13 INV PL,
,"AVENSIS, CAVALIER",2000 -,GASOLINA,1898221 / 1845780,W-13 AD / W-13 PL,2000 +,GASOLINA,1898221 / 1845780,W-13 AD / W-13 PL,2006 +,GASOLINA,1898221 / 1845799,W-13 AD / W-13 PL,
,"CELICA, MR2",2000 -,GASOLINA,1898221/ 1845799/ 1845802,W-13 AD / W-13 PL / S1215 EM PL,2000 +,GASOLINA,1898221 / 1845799 / 512303,W-13 AD / W-13 PL / S1215 EM,2006 +,GASOLINA,1898221 / 1845799 / 512303 ,W-13 AD / W-13 PL / S1215 EM,
,URBAN CRUISER,2000 -,DIESEL,410136,  FH-1215 PRO,,DIESEL,410136,  FH-1215 PRO,,DIESEL,410136,  FH-1215 PRO,
,URBAN CRUISER,2000 -,GASOLINA,222291 / 1898248,V13PRO / V13 INVPL,2000 +,GASOLINA,512338 / 1898248,V13PRO INV / PL,2006 +,GASOLINA,222291 / 1898248,V13PRO / V13INV PL,
,"4RUNNER, PRADO",2000 -,GASOLINA,512338,V13 INVPRO / PL,2000 +,GASOLINA,512338 / 1898248,V13PRO  INV / PL,2006 +,GASOLINA,222291 / 1898249,V13PRO / V13INV PL,
,"4RUNNER, PRADO",2000 -,DIESEL,410136/ 1898248,  FH-1215 PRO,2000 +,DIESEL,410136, / FH-1215 PRO,2006 +,DIESEL,410136, / FH-1215 PRO,
,"HI-ICE, HILUX",2000 -,DIESEL,222291/ 410136,V-13 PRO / FH 1215 PRO,2000 +,DIESEL,2222921 / 410136,V-13 PRO / FH 1215 PRO,2006 +,DIESEL,22291 / 410136,V-13 PRO / FH 1215 PRO,
,LUCIDA,2000 -,GASOLINA,222305 / 1898221/ 1845799,W-13 PRO / AD / PL,2000 +,GASOLINA, 222305/1898221,W-13 PRO / AD,2006 +,GASOLINA,222305 / 1898221/ 1845799,W-13 PRO / AD /PL,
,,2000 -,,,,2000 +,,,,2006 +,,,,
HYUNDAI,MODELO DE VEHICULO,AÑO,VERSION,SKU,MODELO,AÑO,VERSION,SKU,MODELO,AÑO,VERSION,SKU,MODELO,
,i 10,2000 -,,,,2000 +,,,,2006 +,GASOLINA,222275/ 1898205 / 1845772,HL11-PRO - FF11/PD AD / PL,
,i 30,2000 -,,,,2000 +,,,,2006 +,GASOLINA,222275/ 1898205 / 1845773,HL11-PRO - FF11/PD AD / PL,
,"AZERA, MATRIX",2000 -,GASOLINA,2222305 / 1898245,W-13 PRO / V-13 INV PL,2000 +,GASOLINA,2222305 / 1898245,W-13 PRO / V-13 INV PL,2006 +,GASOLINA,2222305 / 1898245,W-13 PRO / V-13 INV PL,
,SCOUPE,2000 -,GASOLINA,44049 / 1845780,W-11 AD / W-13 PL,2000 +,GASOLINA,44049 / 1845780,W-11 AD / W-13 PL,2006 +,GASOLINA,44049 / 1845780,W-11 AD / W-13 PL,
,SONATA ,2000 -,GASOLINA,1898248 / 512303,V-13 INV PL / S-1215 PRO,2000 +,GASOLINA,1898248 / 512303,V-13 INV PL / S-1215 PRO,2006 +,GASOLINA,1898248 / 512303,V-13 INV PL / S-1215 PRO,
,"SONATA I , SONATA II, SANTA FE SM",2000 -,GASOLINA,1898248 / 512304,V-13 INV PL / S-1215 PRO,2000 +,GASOLINA,1898248 / 512304,V-13 INV PL / S-1215 PRO,2006 +,GASOLINA,1898248 / 512304,V-13 INV PL / S-1215 PRO,
,ACCENT,2000 -,GASOLINA,199823X / 1898221,SD-13 AD / W-13 AD,2000 +,GASOLINA,199823X / 1898221,SD-13 AD / W-13 AD,2006 +,GASOLINA,199823X / 1898221,SD-13 AD / W-13 AD,
,COUPE TUBURON,2000 -,,,,2000 +,GASOLINA,1845802,S1215 EM PL ,2006 +,GASOLINA,1845802,S1215 EM PL ,
,ELANTRA,2000 -,GASOLINA,189823X / 1845802,SD-13 AD / S-1215 PL ,2000 +,GASOLINA,189823X / 1845802 / ,SD-13 AD / S-1215 PL ,2006 +,GASOLINA,189823X,SD-13 AD ,
,EXCELL,2000 -,GASOLINA,222291,V-13 PRO,2000 +,GASOLINA,222291,V-13 PRO,2006 +,,,,
,GENESIS,2000 -,GASOLINA,222305,W-13 PRO,2000 +,GASOLINA,222305,W-13 PRO,2006 +,,,,
,VERACRUZ,2000 -,,,,2000 +,,,,2006 +,GASOLINA,189823X / 51338/ 1898248,SD13AD / V13 INV PRO /  PL,
,"CHASIS, GALLOPER",2000 -,DIESEL,512338 / 222364,V-13 INV PRO / FH-1215 INV PRO ,2000 +,DIESEL,222291 / 222364,V-13 PL / FH-1215 INV PRO,2006 +,DIESEL,222291 / 222364,V-13 PL / FH-1215 INV PRO ,
,GRACE,2000 -,GASOLINA,222291,V13 PRO,,,,,,,,,
,GRACE,2000 -,DIESEL,222291 / 222364,V 13Z / FH-1215 INV PRO ,2000 +,,,,2006 +,,,,
,GRACE VAN DLX7GS,,GASOLINA,222291,V13Z PRO,,,,,,,,,
,GRACE VAN DLX7GS,2000 -,,222364, FH-1215 INV PRO ,2000 +,,,,2006 +,,,,
,"H1,",2000 -,GASOLINA,222291 / 512338,V13PRO / V13 INV PRO,,GASOLINA,222291,V13 PRO,,GASOLINA,222291,V13 PRO,
,"H1, H100 BUS",2000 -,DIESEL,222291 / 222364,V-13 PRO / FH-1215 INV PRO ,2000 +,DIESEL,222291 / 222364,V-13 PL / FH-1215 INV PRO ,2006 +,DIESEL,512338 / 222364,V-13 INV PRO / FH-1215 INV PRO ,
,H350,2000 -,DIESEL,222291 / 222364,V-13 PRO / FH-1215 INV PRO ,2000 +,DIESEL,222291 / 222364,V-13 PL / FH-1215 INV PRO ,2006 +,DIESEL,512338 / 222364,V-13 INV PRO / FH-1215 INV PRO ,
,"PANEL,  STAREX, SANTA FE CM",2000 -,DIESEL,222291 / 222364,V-13 PRO / FH-1215 INV PRO ,2000 +,DIESEL,222291 / 222364,V-13 PL / FH-1215 INV PRO /,2006 +,DIESEL,512338 / 222364,V-13 INV PRO / FH-1215 INV PRO ,
,"TUCSON, VAN, TERRACAN, ",2000 -,GASOLINA,189823X / 1898248,SD-13 AD / V-13 INV PL ,,GASOLINA,189823X / 1898248,SD-13 AD / V-13 INV PL ,,GASOLINA,512338 / 222364,V-13 INV PRO / FH-1215 INV PRO ,
,"TUCSON,",2000 -,DIESEL,410136,FH1215 PRO,2000 +,DIESEL,410136,FH1215 PRO,2006 +,DIESEL,512338 / 222364,V-13 INV PRO / FH-1215 INV PRO ,
,"PORTER, PORTER SUPER",2000 -,DIESEL,222291 / 222364,V-13 PRO / FH-1215 INV PRO ,2000 +,,,,2006 +,,,,
,,2000 -,,,,2000 +,,,,2006 +,,,,
DAEWOO,MODELO DE VEHICULO,AÑO,VERSION,SKU,MODELO,AÑO,VERSION,SKU,MODELO,AÑO,VERSION,SKU,MODELO,
,"TICO - MATIZ, LABO ,  DAMAS",2000 -,GASOLINA,222275,HL-11 PRO,2000 +,GASOLINA,222275,HL-11 PRO,2006 +,,,,
,CIELO,2000 -,GASOLINA,1898213 / 189823X / 1845780,W-11  AD / W-13 AD /W 13 PL,2000 +,GASOLINA,1898213 / 189823X / 1845780,W-11  AD / W-13 AD /W 13 PL,2006 +,GASOINA,1898213 / 1898221 / 1845799,W-11  AD / W-13 AD /W 13 PL,
,"ESPERO, LANOS, NUBIRA SEDAN/WAGON",2000 -,GASOLINA,1898213/ 189823X /1845780,W-11  AD / W-13 AD /W 13 PL,2000 +,GASOLINA,1898213/ 189823X /1845780,W-11  AD / W-13 AD /W 13 PL,2006 +,,,,
,"LEGANZA, PRINCE, JEREZ",2000 -,GASOLINA,189823X / 1845802,W-13 AD / S-1215 PL,2000 +,GASOLINA,189823X / 1845802,W-13 AD / S-1215 PL,2006 +,,,,
,RACER,2000 -,GASOLINA,1898213/ 1898221,W-11 AD / W-13 AD,2000 +,GASOLINA,1898213/ 1898221,W-11 AD / W-13 AD,2006 +,,,,
,"KORANDO 2.3, M USSO",2000 -,GASOLINA,222364,FH-1215  INV PRO,2000 +,GASOLINA,222364,FH-1215  INV PRO,2006 +,,,,
,RACER ETI,2000 -,GASOLINA,222364,FH-1215  INV PRO,2000 +,GASOLINA,222364,FH-1215  INV PRO,2006 +,,,,
,,2000 -,,,,2000 +,,,,2006 +,,,,
AUDI,MODELO DE VEHICULO,AÑO,VERSION,SKU,MODELO,AÑO,VERSION,SKU,MODELO,AÑO,VERSION,SKU,MODELO,
,"A3 1.8  TURBO,  A4 2.8 , A4 , A6 2.8",2000 -,GASOLINA,1845799/ 1845802,W-13 PL / S-1215 PL,2000 +,GASOLINA,1845799/ 1845802,W-13 PL / S-1215 PL,2006 +,GASOLINA,1845799/ 1845802,W-13 PL / S-1215 PL,
,"A3 1.8 ,  A4 1.8  SEDAN,  A4 1.8  TURBO",2000 -,GASOLINA,1845799/ 1845802,W-13 PL / S-1215 PL,2000 +,GASOLINA,1845799/ 1845802,W-13 PL / S-1215 PL,2006 +,GASOLINA,1845799/ 1845802,W-13 PL / S-1215 PL,
,"A3 2.0L DIESEL, A3 3.2L ",2000 -,GASOLINA,1845799/ 1845802,W-13 PL / S-1215 PL,2000 +,GASOLINA,1845799/ 1845802,W-13 PL / S-1215 PL,2006 +,GASOLINA,1845799/ 1845802,W-13 PL / S-1215 PL,
,"A4 3.2L, A5 QUATTRO",2000 -,GASOLINA,1845799/ 1845802,W-13 PL / S-1215 PL,2000 +,GASOLINA,1845799/ 1845802,W-13 PL / S-1215 PL,2006 +,GASOLINA,1845799/ 1845802,W-13 PL / S-1215 PL,
,"A6, A8, A8W12, ",2000 -,GASOLINA,1845799/ 1845802,W-13 PL / S-1215 PL,2000 +,GASOLINA,1845799/ 1845802,W-13 PL / S-1215 PL,2006 +,GASOLINA,1845799/ 1845802,W-13 PL / S-1215 PL,
,"Q5, Q7, R8, S4",2000 -,GASOLINA,1845799/ 1845802,W-13 PL / S-1215 PL,2000 +,GASOLINA,1845799/ 1845802,W-13 PL / S-1215 PL,2006 +,GASOLINA,1845799/ 1845802,W-13 PL / S-1215 PL,
,"TT, TT1.8, TT3.2, TTS2.0",2000 -,GASOLINA,1845799/ 1845802,W-13 PL / S-1215 PL,2000 +,GASOLINA,1845799/ 1845802,W-13 PL / S-1215 PL,2006 +,GASOLINA,1845799/ 1845802,W-13 PL / S-1215 PL,
,,2000 -,,,,2000 +,,,,2006 +,,,,
BMW,MODELO DE VEHICULO,AÑO,VERSION,SKU,MODELO,AÑO,VERSION,SKU,MODELO,AÑO,VERSION,SKU,MODELO,
,316I,2000 -,GASOLINA,1845802,S-1215 PL,2000 +,GASOLINA,1845802,S-1215 PL,2006 +,GASOLINA,1845802,S-1215 PL,
,318-Z3,2000 -,GASOLINA,1845802,S-1215 PL,2000 +,GASOLINA,1845802,S-1215 PL,2006 +,GASOLINA,1845802,S-1215 PL,
,325I-Z3  1.9-523I,2000 -,GASOLINA,1845802,S-1215 PL,2000 +,GASOLINA,1845802,S-1215 PL,2006 +,GASOLINA,1845802,S-1215 PL,
,"520I, 528I,  540I-735I",2000 -,GASOLINA,1845802,S-1215 PL,2000 +,GASOLINA,1845802,S-1215 PL,2006 +,GASOLINA,1845802,S-1215 PL,
,"840CI, 850CI",2000 -,GASOLINA,1845802,S-1215 PL,2000 +,GASOLINA,1845802,S-1215 PL,2006 +,GASOLINA,1845802,S-1215 PL,
,,2000 -,,,,2000 +,,,,2006 +,,,,
MAZDA,MODELO DE VEHICULO,AÑO,VERSION,SKU,MODELO,AÑO,VERSION,SKU,MODELO,AÑO,VERSION,SKU,MODELO,
,3,2000 -,GASOLINA,189823X / 1845802,SD-13 PL / W-13 PL,2000 +,GASOLINA,189823X / 1845802,SD-13 PL / W-13 PL,2006 +,GASOLINA,189823X / 1845802,SD-13  AD/ W-13 PL,
,323,2000 -,GASOLINA,189823X / 1845802,SD-13 PL / W-13 PL,2000 +,GASOLINA,189823X / 1845802,SD-13 PL / W-13 PL,2006 +,GASOLINA,189823X / 1845802,SD-13  AD/ W-13 PL,
,626,2000 -,GASOLINA,189823X / 1845802,SD-13 PL / W-13 PL,2000 +,GASOLINA,189823X / 1845802,SD-13 PL / W-13 PL,2006 +,GASOLINA,189823X / 1845802,SD-13  AD/ W-13 PL,
,"5,  CX-7,  RX-8",2000 -,GASOLINA,189823X / 1845802,SD-13 PL / W-13 PL,2000 +,GASOLINA,189823X / 1845802,SD-13 PL / W-13 PL,2006 +,GASOLINA,189823X / 1845802,SD-13  AD/ W-13 PL,
,"6,  B2900, B2500",2000 -,GASOLINA,189823X / 1845802,SD-13 PL / W-13 PL,2000 +,GASOLINA,189823X / 1845802,SD-13 PL / W-13 PL,2006 +,GASOLINA,189823X / 1845802,SD-13  AD/ W-13 PL,
,"ASAHI - IB1600,  MX-6",2000 -,GASOLINA,222305 / 1898213,W13 PRO / W11 AD,2000 +,GASOLINA,,,2006 +,GASOLINA,,,
,B2300 - B3000 - B4000,2000 -,DIESEL,410136,FH-1215 PRO,2000 +,GASOLINA,410136,FH-1215 PRO,2006 +,GASOLINA,410136,FH-1215 PRO,
,"CX-9, RX-7",2000 -,GASOLINA,1898248 / 512338 ,V-13 INV PL / V-13 INV PRO,2000 +,GASOLINA,1898248 / 512338 ,V-13 INV PL / V-13 INV PRO,2006 +,GASOLINA,1898248 / 512338 ,V-13 INV PL / V-13 INV PRO,
,MX-5,2000 -,GASOLINA,1981196,FF-13 PD AD,2000 +,GASOLINA,1981196,FF-13 PD AD,2006 +,GASOLINA,1981196,FF-13 PD AD,
,DEMIO,2000 -,GASOLINA,222275,HL- 11 PRO,2000 +,GASOLINA,222275,HL- 11 PRO,2006 +,GASOLINA,222275,HL- 11 PRO,
,,2000 -,,,,2000 +,,,,2006 +,,,,
SUZUKI,MODELO DE VEHICULO,AÑO,VERSION,SKU,MODELO,AÑO,VERSION,SKU,MODELO,AÑO,VERSION,SKU,MODELO,
,AEREO,2000 -,GASOLINA,1845772 / 18981196,FF-11 PD PL/ FF-13  AD / FF-13 PD AD,2000 +,GASOLINA,1845772 / 18981196,FF-11 PD PL/ FF-13  AD / FF-13 PD AD,2006 +,GASOLINA,1845772 / 18981196,FF-11 PD PL/ FF-13  AD / FF-13 PD AD,
,"APV,  BALENO,  CARRY BAN,  ",2000 -,GASOLINA,222275 /  18981196,HL-11 PRO / FF 13 AD / FF-13PD  AD,2000 +,GASOLINA,222275 /  18981196,HL-11 PRO / FF 13 AD / FF-13PD  AD,2006 +,GASOLINA,222275 /  18981196,HL-11 PRO / FF 13 AD / FF-13PD  AD,
,SX4,2000 -,GASOLINA,222275 /  18981196,HL-11 PRO / FF 13 AD / FF-13PD  AD,2000 +,GASOLINA,222275 /  18981196,HL-11 PRO / FF 13 AD / FF-13PD  AD,2006 +,GASOLINA,222275 /  18981196,HL-11 PRO / FF 13 AD / FF-13PD  AD,
,GRAN NOMADE,2000 -,GASOLINA,1898248 / 1845802,V-13 INV PL / S-1215 PL,2000 +,GASOLINA,1898248 / 18457802,V-13 INV PL / S-1215 PL,2006 +,GASOLINA,1898248 / 18457802,V-13 INV PL / S-1215 PL,
,"MARUTI, FRONTE",2000 -,GASOLINA,222275 / 512311,HL11PRO / FF11PRO ,2000 +,,,,2006 +,,,,
,"ALTO, CELERIO",2000 -,GASOLINA,222275 / 512312,HL11PRO / FF11PRO ,2000 +,GASOLINA,222275/ 512311/ 1898205/ 1845772,HL11PRO / FF11PRO / AD / PL,2006 +,GASOLINA,222275/ 512311/ 1898205/ 1845772,HL11PRO / FF11PRO / AD / PL,
,"SWIFT, GRAND VITARA,  JIMMY",2000 -,GASOLINA,222275 / 18981196 /1845772,HL-11 PRO / FF 13 AD/  FF 11 PL,2000 +,GASOLINA,222275/ 18981196/ 512311,HL-11 PRO / FF 13 AD/  FF 11PRO,2006 +,GASOLINA,1845772 / 18981196,HL-11 PRO / FF 13 AD/  FF,
,VITARA,2000 -,GASOLINA,512311 / 18981196,HL-11 PRO / FF 13 AD,2000 +,GASOLINA,222275 / 18981196,HL-11 PRO / FF 13 AD,2006 +,GASOLINA,512311,HL-11 PRO / FF 13 AD,
,,2000 -,,,,2000 +,,,,2006 +,,,,
JEEP,MODELO DE VEHICULO,AÑO,VERSION,SKU,MODELO,AÑO,VERSION,SKU,MODELO,AÑO,VERSION,SKU,MODELO,
,CHEROKE,2000 -,GASOLINA,1845799,W13 Z PL,2000 +,GASOLINA,1845799,W13 Z PL,2006 +,GASOLINA,1845799,W13 Z PL,
,COMANCHE,2000 -,GASOLINA,1845802,S1215EM PL,2000 +,GASOLINA,1845802,S1215EM PL,2006 +,GASOLINA,1845802,S1215EM PL,
,COMMANDER,2000 -,GASOLINA,1845802,S1215EM PL,2000 +,GASOLINA,1845802,S1215EM PL,2006 +,GASOLINA,1845802,S1215EM PL,
,GRAND CHEROKEE,2000 -,GASOLINA,1845802,S1215EM PL,2000 +,GASOLINA,1845802,S1215EM PL,2006 +,GASOLINA,1845802,S1215EM PL,
,LIBERTY,2000 -,GASOLINA,1845799/ 1898213,W13 PL / W11 AD,2000 +,GASOLINA,1845799/ 1898213,W13 PL / W11 AD,2006 +,GASOLINA,1845799/ 1898213,W13 PL / W11 AD,
,PATRIOT,2000 -,GASOLINA,1845802,S1215EM PL,2000 +,GASOLINA,1845802,S1215EM PL,2006 +,GASOLINA,1845802,S1215EM PL,
,WRANGLER,2000 -,GASOLINA,1845802,S1215EM PL,2000 +,GASOLINA,1845802,S1215EM PL,2006 +,GASOLINA,1845802,S1215EM PL,
,,2000 -,,,,2000 +,,,,2006 +,,,,
DATSUN,MODELO DE VEHICULO,AÑO,VERSION,SKU,MODELO,AÑO,VERSION,SKU,MODELO,AÑO,VERSION,SKU,MODELO,
,100  A - 120 A,2000 -,GASOLINA,222305 / 512338,W-13 PRO / V-13 INV PRO,2000 +,,,,2006 +,,,,
,140 J - 160 J,2000 -,GASOLINA,222305 / 512338,W-13 PRO / V-13 INV PRO,2000 +,,,,2006 +,,,,
,,2000 -,,,,2000 +,,,,2006 +,,,,
,,2000 -,,,,2000 +,,,,2006 +,,,,
DAIHATSU,MODELO DE VEHICULO,AÑO,VERSION,SKU,MODELO,AÑO,VERSION,SKU,MODELO,AÑO,VERSION,SKU,MODELO,
,"SIRION - APLAUSE, APLAUSE II",2000 -,GASOLINA,222275 / 1981196,HL-11 PRO / FF-13 PD AD,2000 +,GASOLINA,222275 / 1981196,HL-11 PRO / FF-13 PD AD,2006 +,GASOLINA,222275 / 1981196,HL-11 PRO / FF-13 PD AD,
,"CHARADE II,III, IV, ",2000 -,GASOLINA,222275 / 1981196,HL-11 PRO / FF-13 PD AD,2000 +,GASOLINA,222275 / 1981196,HL-11 PRO / FF-13 PD AD,2006 +,GASOLINA,222275 / 1981196,HL-11 PRO / FF-13 PD AD,
,"COURE I, II,III,IV,V,VI,VII,VIII",2000 -,GASOLINA,222275 / 1981196,HL-11 PRO / FF-13 PD AD,2000 +,GASOLINA,222275 / 1981196,HL-11 PRO / FF-13 PD AD,2006 +,GASOLINA,222275 / 1981196,HL-11 PRO / FF-13 PD AD,
,GRAN MOVE G3,2000 -,GASOLINA,1845772 / 1981196,FF-11 PD PL / FF-13 PD AD,2000 +,GASOLINA,1845772 / 1981196,FF-11 PD PL / FF-13 PD AD,2006 +,GASOLINA,1845772 / 1981196,FF-11 PD PL / FF-13 PD AD,
,"ROCKY ,  SIRION M1, M3,  FEROZA",2000 -,GASOLINA,222275 / 1981196,HL-11 PRO / FF-13 PD AD,2000 +,GASOLINA,222275 / 1981196,HL-11 PRO / FF-13 PD AD,2006 +,GASOLINA,222275 / 1981196,HL-11 PRO / FF-13 PD AD,
,TERIOS,2000 -,GASOLINA,222275 / 1981196,HL-11 PRO / FF-13 PD AD,2000 +,GASOLINA,222275 / 1981196,HL-11 PRO / FF-13 PD AD,2006 +,GASOLINA,222275 / 1981196,HL-11 PRO / FF-13 PD AD,
,DELTA CHASIS 2T - V57,2000 -,GASOLINA,222275 / 1981196,HL-11 PRO / FF-13 PD AD,2000 +,GASOLINA,222275 / 1981196,HL-11 PRO / FF-13 PD AD,2006 +,GASOLINA,222275 / 1981196,HL-11 PRO / FF-13 PD AD,
,DELTAV 116,2000 -,GASOLINA,222275 / 1981196,HL-11 PRO / FF-13 PD AD,2000 +,GASOLINA,222275 / 1981196,HL-11 PRO / FF-13 PD AD,2006 +,GASOLINA,222275 / 1981196,HL-11 PRO / FF-13 PD AD,
,DELTA CHASIS V118 CAM,2000 -,GASOLINA,222275 / 1981196,HL-11 PRO / FF-13 PD AD,2000 +,GASOLINA,222275 / 1981196,HL-11 PRO / FF-13 PD AD,2006 +,GASOLINA,222275 / 1981196,HL-11 PRO / FF-13 PD AD,
,,2000 -,,,,2000 +,,,,2006 +,,,,
HONDA,MODELO DE VEHICULO,AÑO,VERSION,SKU,MODELO,AÑO,VERSION,SKU,MODELO,AÑO,VERSION,SKU,MODELO,
,ACCORD - 4 CIL,2000 -,GASOLINA,1898248,V-13 INV PL,2000 +,GASOLINA,1898248,V-13 INV PL,2006 +,GASOLINA,1898248,V-13 INV PL,
,ACCORD - 6 CIL,2000 -,GASOLINA,1898248,V-13 INV PL,2000 +,GASOLINA,1898248,V-13 INV PL,2006 +,GASOLINA,1898248,V-13 INV PL,
,CIVIC,2000 -,GASOLINA,512311,FF-11 PRO,2000 +,GASOLINA,512311,FF-11 PRO,2006 +,GASOLINA,512311,FF-11 PRO,
,CR-V   - RVI,2000 -,GASOLINA,1981196,FF 13 AD,2000 +,GASOLINA,1981196,FF 13 AD,2006 +,GASOLINA,1981196,FF 13 AD,
,ELANTRA,2000 -,GASOLINA,189823X / 1845799,SD-13 AD / S-1215 PL ,2000 +,GASOLINA,189823X / 1845799,SD-13 AD / S-1215 PL ,2006 +,GASOLINA,189823X / 1845799,SD-13 AD / S-1215 PL ,
,PILOT,2000 -,GASOLINA,1898248,V-13 INVPL,2000 +,GASOLINA,1898248,V-13 INVPL,2006 +,GASOLINA,1898248,V-13 INVPL,
,INTEGRA,2000 -,GASOLINA,1845780,W-13 PL,2000 +,GASOLINA,1845780,W-13 PL,2006 +,GASOLINA,1845780,W-13 PL,
,"PRELUDE/CRV,  LEGEND",2000 -,GASOLINA,1845799 / 1898248,V-13 PL / V-13 INV PL,2000 +,GASOLINA,1845799 / 1898248,V-13 PL / V-13 INV PL,2006 +,GASOLINA,1845799 / 1898248,V-13 PL / V-13 INV PL,
,TORNEO,2000 -,GASOLINA,18981196/ 512311,FF 13 AD  /FF11PRO,2000 +,GASOLINA,18981196/ 512311,FF 13 AD  /FF11PRO,2006 +,GASOLINA,18981196/ 512311,FF 13 AD  /FF11PRO,
,,2000 -,,,,2000 +,,,,2006 +,,,,
MITSUBISHI,MODELO DE VEHICULO,AÑO,VERSION,SKU,MODELO,AÑO,VERSION,SKU,MODELO,AÑO,VERSION,SKU,MODELO,
,"CANTER,  MONTERO 3.2,  NATIVA",2000 -,DIESEL,222364,FH-1215 INV PRO,2000 +,DIESEL,222364,FH-1215 INV PRO,2006 +,DIESEL,222364,FH-1215 INV PRO,
,COLT,2000 -,GASOLINA,189823X / 1898248,SD-13 AD / V-13 INV PL,2000 +,GASOLINA,189823X / 1898248,SD-13 AD / V-13 INV PL,2006 +,GASOLINA,189823X / 1898248,SD-13 AD / V-13 INV PL,
,"DIAMANTE,  ENDEAVOL,  EXPO,  ",2000 -,GASOLINA,189823X / 1898249,SD-13 AD / V-13 INV PL,2000 +,GASOLINA,189823X / 1898249,SD-13 AD / V-13 INV PL,2006 +,GASOLINA,189823X / 1898249,SD-13 AD / V-13 INV PL,
,ECLIPSE,2000 -,GASOLINA,1845780 / 1898221 ,W-13 PL / W-13 AD,2000 +,GASOLINA,1845780 / 1898221 ,W-13 PL / W-13 AD,2006 +,GASOLINA,1845780 / 1898221 ,W-13 PL / W-13 AD,
,"FUSO/ROSA, GALANT 3.8L",2000 -,DIESEL,222291 / 222364,V-13 PRO / FH-1215 INV PRO,2000 +,DIESEL,222291 / 222364,V-13 PRO / FH-1215 INV PRO,2006 +,DIESEL,222291 / 222364,V-13 PRO / FH-1215 INV PRO,
,GALANT,2000 -,GASOLINA,1845780 / 189823X,W-13 PL / SD-13 AD,2000 +,GASOLINA,1845780 / 189823X,W-13 PL / SD-13 AD,2006 +,GASOLINA,1845780 / 189823X,W-13 PL / SD-13 AD,
,L200,2000 -,DIESEL,1845802 / 222364,V-13 PL / FH-1215 INV PRO,2000 +,DIESEL,1845802 / 222364,V-13 PL / FH-1215 INV PRO,2006 +,DIESEL,1845802 / 222364,V-13 PL / FH-1215 INV PRO,
,LIBERO,2000 -,DIESEL,222275 / 222364,HL-11 PRO / FH-1215 INV PRO,2000 +,DIESEL,222275 / 222364,HL-11 PRO / FH-1215 INV PRO,2006 +,DIESEL,222275 / 222364,HL-11 PRO / FH-1215 INV PRO,
,"MIRAGE,  LANCER",2000 -,GASOLINA,222275 / 1898248,HL- 11 PRO / V-13 INV PL,2000 +,GASOLINA,222275 / 1898248,HL- 11 PRO / V-13 INV PL,2006 +,GASOLINA,222275 / 1898248,HL- 11 PRO / V-13 INV PL,
,MONTERO,2000 -,DIESEL,222364,FH-1215 INV PRO,2000 +,DIESEL,222364,FH-1215 INV PRO,2006 +,DIESEL,222364,FH-1215 INV PRO,
,OUTLANDER,2000 -,GASOLINA,189823X /  1898248,SD-13 AD / V-13 INV PL,2000 +,GASOLINA,189823X /  1898248,SD-13 AD / V-13 INV PL,2006 +,GASOLINA,189823X /  1898248,SD-13 AD / V-13 INV PL,
,PAJERO,2000 -,DIESEL,222364,FH-1215 INV PRO,2000 +,DIESEL,222364,FH-1215 INV PRO,2006 +,DIESEL,222364,FH-1215 INV PRO,
,,2000 -,,,,2000 +,,,,2006 +,,,,
SUBARU,MODELO DE VEHICULO,AÑO,VERSION,SKU,MODELO,AÑO,VERSION,SKU,MODELO,AÑO,VERSION,SKU,MODELO,
,OUTBACK,2000 -,GASOLINA,189823X / 1845799,SD- 13 PL / W-13 PL,2000 +,GASOLINA,189823X / 1845799,SD- 13 PL / W-13 PL,2006 +,GASOLINA,189823X / 1845799 / 1845802,SD- 13 PL / W-13 PL / S1215 PL,
,FORESTER,2000 -,GASOLINA,189823X / 1845799,SD- 13 PL / W-13 PL,2000 +,GASOLINA,189823X / 1845799,SD- 13 PL / W-13 PL,2006 +,GASOLINA,189823X / 1845799 / 1845802,SD- 13 PL / W-13 PL / S1215 PL,
,IMPREZA,2000 -,GASOLINA,189823X / 1845799,SD- 13 PL / W-13 PL,2000 +,GASOLINA,189823X / 1845799,SD- 13 PL / W-13 PL,2006 +,GASOLINA,189823X / 1845799/ 1845802,SD- 13 PL / W-13 PL / S1215 PL,
,JUSTY,2000 -,GASOLINA,189823X / 1845799,SD- 13 PL / W-13 PL,2000 +,GASOLINA,189823X / 1845799,SD- 13 PL / W-13 PL,2006 +,GASOLINA,189823X / 1845799/ 1845802,SD- 13 PL / W-13 PL / S1215 PL,
,LEGACY,2000 -,GASOLINA,189823X / 1845799,SD- 13 PL / W-13 PL,2000 +,GASOLINA,189823X / 1845799,SD- 13 PL / W-13 PL,2006 +,GASOLINA,189823X / 1845799 / 1845802,SD- 13 PL / W-13 PL / S1215 PL,
,,2000 -,,,,2000 +,,,,2006 +,,,,
DODGE,MODELO DE VEHICULO,AÑO,VERSION,SKU,MODELO,AÑO,VERSION,SKU,MODELO,AÑO,VERSION,SKU,MODELO,
,"DAKOTA, DURANGO",2000 -,GASOLINA,512338 / 1898248 / 512338/ 1845802,V13 INV PRO / PL / S1215 PRO / PL,2000 +,GASOLINA,512338 / 1898248 / 512338/ 1845802,V13 INV PRO / PL / S1215 PRO / PL,2006 +,GASOLINA,512338 / 1898248 / 512338/ 1845802,V13 INV PRO / PL / S1215 PRO / PL,
,SPIRIT 2500  3500,2000 -,GASOLINA,512338 / 1898248 / 512338/ 1845802,V13 INV PRO / PL / S1215 PRO / PL,2000 +,GASOLINA,512338 / 1898248 / 512338/ 1845802,V13 INV PRO / PL / S1215 PRO / PL,2006 +,GASOLINA,512338 / 1898248 / 512338/ 1845802,V13 INV PRO / PL / S1215 PRO / PL,
,"CARAVAN,  GRAN CARABAN, CHALLENGER",2000 -,GASOLINA,512338 / 1898248 / 512338/ 1845802,V13 INV PRO / PL / S1215 PRO / PL,2000 +,GASOLINA,512338 / 1898248 / 512338/ 1845802,V13 INV PRO / PL / S1215 PRO / PL,2006 +,GASOLINA,512338 / 1898248 / 512338/ 1845802,V13 INV PRO / PL / S1215 PRO / PL,
,"DAYTONA,DIPLOMAT,Intrepid,Lancer,Viper",2000 -,GASOLINA,512338 / 1898248 / 512338/ 1845802,V13 INV PRO / PL / S1215 PRO / PL,2000 +,GASOLINA,512338 / 1898248 / 512338/ 1845802,V13 INV PRO / PL / S1215 PRO / PL,2006 +,GASOLINA,512338 / 1898248 / 512338/ 1845802,V13 INV PRO / PL / S1215 PRO / PL,
,"MONACO,SPIRIT,CALIBER,COLT,RAIDER",2000 -,GASOLINA,512338 / 1898248 / 512338/ 1845802,V13 INV PRO / PL / S1215 PRO / PL,2000 +,GASOLINA,512338 / 1898248 / 512338/ 1845802,V13 INV PRO / PL / S1215 PRO / PL,2006 +,GASOLINA,512338 / 1898248 / 512338/ 1845802,V13 INV PRO / PL / S1215 PRO / PL,
,SIENA/STRADA/TEMPRA,2000 -,GASOLINA,512338 / 1898248 / 512338/ 1845802,V13 INV PRO / PL / S1215 PRO / PL,2000 +,GASOLINA,512338 / 1898248 / 512338/ 1845802,V13 INV PRO / PL / S1215 PRO / PL,2006 +,GASOLINA,512338 / 1898248 / 512338/ 1845802,V13 INV PRO / PL / S1215 PRO / PL,
,AVENGER,2000 -,GASOLINA,512338 / 1898248 / 512338/ 1845802,V13 INV PRO / PL / S1215 PRO / PL,2000 +,GASOLINA,512338 / 1898248 / 512338/ 1845802,V13 INV PRO / PL / S1215 PRO / PL,2006 +,GASOLINA,512338 / 1898248 / 512338/ 1845802,V13 INV PRO / PL / S1215 PRO / PL,
,"PALIO (SEDN, HATCHBACK, Y AVENTURE)",2000 -,GASOLINA,512338 / 1898248 / 512338/ 1845802,V13 INV PRO / PL / S1215 PRO / PL,2000 +,GASOLINA,512338 / 1898248 / 512338/ 1845802,V13 INV PRO / PL / S1215 PRO / PL,2006 +,GASOLINA,512338 / 1898248 / 512338/ 1845802,V13 INV PRO / PL / S1215 PRO / PL,
,,2000 -,,,,2000 +,,,,2006 +,,,,
FIAT,MODELO DE VEHICULO,AÑO,VERSION,SKU,MODELO,AÑO,VERSION,SKU,MODELO,AÑO,VERSION,SKU,MODELO,
,"ALBEA, BRAVO, IDEA, ADVENTURE",2000 -,GASOLINA,1898213 / 1845799,W-11 AD / W- 13 PL,2000 +,GASOLINA,1898213 / 1845799,W-11 AD / W- 13 PL,2006 +,GASOLINA,1898213 / 1845799,W-11 AD / W- 13 PL,
,"PANADA, Y STILO",2000 -,GASOLINA,1898213 / 222305,W-11 AD / W-13 PRO,2000 +,GASOLINA,1898213 / 222305,W-11 AD / W-13 PRO,2006 +,GASOLINA,1898213 / 222305,W-11 AD / W-13 PRO,
,"DUCATO, CARAVAN , PALIO, CLUB SCR",2000 -,GASOLINA,1898213 / 222305,W-11 AD / W-13 PRO,2000 +,GASOLINA,1898213 / 222305,W-11 AD / W-13 PRO,2006 +,GASOLINA,1898213 / 222305,W-11 AD / W-13 PRO,
,"UNO, MILLE, 70S, 1300, 128 SAN REMO, 1300, ",2000 -,GASOLINA,1898213 / 222305,W-11 PRO / W-13 PRO,2000 +,GASOLINA,1898213 / 222305,W-11 PRO / W-13 PRO,2006 +,GASOLINA,1898213 / 222305,W-11 PRO / W-13 PRO,
,,2000 -,,,,2000 +,,,,2006 +,,,,
Mercedes-Benz,MODELO DE VEHICULO,AÑO,VERSION,SKU,MODELO,AÑO,VERSION,SKU,MODELO,AÑO,VERSION,SKU,MODELO,
,190E,2000 -,GASOLINA,1845780/ 1845802,W-13 PL / S-1215 PL,2000 +,GASOLINA,1845780/ 1845802,W-13 PL / S-1215 PL,2006 +,GASOLINA,1845780/ 1845802,W-13 PL / S-1215 PL,
,"300CE,D,E,SD, SE, SEL, SL, TE, ",2000 -,GASOLINA,1845802,S-1215 PL ,2000 +,GASOLINA,1845802,S-1215 PL ,2006 +,GASOLINA,1845802,S-1215 PL ,
,"350SD, SDL,  400E, SE, SEL,  420SEL",2000 -,GASOLINA,1845802,S-1215 PL ,2000 +,GASOLINA,1845802,S-1215 PL ,2006 +,GASOLINA,1845802,S-1215 PL ,
,"500E, SEC, SEL, SL, ",2000 -,GASOLINA,1845802,S-1215 PL ,2000 +,GASOLINA,1845802,S-1215 PL ,2006 +,GASOLINA,1845802,S-1215 PL ,
,560SEL,2000 -,GASOLINA,1845802,S-1215 PL ,2000 +,GASOLINA,1845802,S-1215 PL ,2006 +,GASOLINA,1845802,S-1215 PL ,
,"600SEC, SEL, SL,   C220,  C-320",2000 -,GASOLINA,1845802,S-1215 PL,2000 +,GASOLINA,1845802,S-1215 PL,2006 +,GASOLINA,1845802,S-1215 PL,
,"B200,  C230, ",2000 -,GASOLINA,1845802,S-1215 PL ,2000 +,GASOLINA,1845802,S-1215 PL ,2006 +,GASOLINA,1845802,S-1215 PL ,
,"E300,  E320,  E350,  E430,  E500",2000 -,GASOLINA,1845802,S-1215 PL ,2000 +,GASOLINA,1845802,S-1215 PL ,2006 +,GASOLINA,1845802,S-1215 PL ,
,L1113 - LP1419 - LPS1525 - L1113 - L1418 - LS1418,2000 -,GASOLINA,1845802,S-1215 PL ,2000 +,GASOLINA,1845802,S-1215 PL ,2006 +,GASOLINA,1845802,S-1215 PL ,
,"ML320, ML430,  ML450,  ML500, ML550",2000 -,GASOLINA,1845802,S-1215 PL ,2000 +,GASOLINA,1845802,S-1215 PL ,2006 +,GASOLINA,1845802,S-1215 PL ,
,"R320, R350, R500, S450, S500, S550, S600",2000 -,GASOLINA,1845802,S-1215 PL ,2000 +,GASOLINA,1845802,S-1215 PL ,2006 +,GASOLINA,1845802,S-1215 PL ,
,"S320, S350, S400, S420, S430, ",2000 -,GASOLINA,1845802,S-1215 PL ,2000 +,GASOLINA,1845802,S-1215 PL ,2006 +,GASOLINA,1845802,S-1215 PL ,
,,2000 -,,,,2000 +,,,,2006 +,,,,
Land-Rover,MODELO DE VEHICULO,AÑO,VERSION,SKU,MODELO,AÑO,VERSION,SKU,MODELO,AÑO,VERSION,SKU,MODELO,
,DEFENDER 110,2000 -,GASOLINA,1898248 / 1845799,V-13 Z INV PL/ S-1215 PL,2000 +,GASOLINA,1898248 / 1845799,V-13 Z INV PL/ S-1215 PL,2006 +,GASOLINA,1898248 / 1845799,V-13 Z INV PL/ S-1215 PL,
,DEFENDER 90,2000 -,GASOLINA,1898248 / 1845799,V-13 Z INV PL/ S-1215 PL,2000 +,GASOLINA,1898248 / 1845799,V-13 Z INV PL/ S-1215 PL,2006 +,GASOLINA,1898248 / 1845799,V-13 Z INV PL/ S-1215 PL,
,"DISCO VERY (HSE, S, SD, Y SE7)",2000 -,GASOLINA,1898248 / 1845799,V-13 Z INV PL/ S-1215 PL,2000 +,GASOLINA,1898248 / 1845799,V-13 Z INV PL/ S-1215 PL,2006 +,GASOLINA,1898248 / 1845799,V-13 Z INV PL/ S-1215 PL,
,"DISCOVERY,  DISCOVERY LS,  DISCOVERY XS",2000 -,GASOLINA,1898248 / 1845799,V-13 Z INV PL/ S-1215 PL,2000 +,GASOLINA,1898248 / 1845799,V-13 Z INV PL/ S-1215 PL,2006 +,GASOLINA,1898248 / 1845799,V-13 Z INV PL/ S-1215 PL,
,"FREELANDER (BASE AUTOMA, SE, SPORT)",2000 -,GASOLINA,1845802,S-1215 EMPL ,2000 +,GASOLINA,1845802,S-1215 EMPL ,2006 +,GASOLINA,1845802,S-1215 EMPL ,
,RANGER ROVER,2000 -,GASOLINA,1845799,S-1215 EM PL,2000 +,GASOLINA,1845799,S-1215 EM PL,2006 +,GASOLINA,1845799,S-1215 EM PL,
,RANGER ROVER V8 4.OL V8 4.6L ,2000 -,GASOLINA,1845799, S-1215 EM PL,2000 +,GASOLINA,1845799, S-1215 EM PL,2006 +,GASOLINA,1845799, S-1215 EM PL,
,,2000 -,,,,2000 +,,,,2006 +,,,,
FORD,MODELO DE VEHICULO,AÑO,VERSION,SKU,MODELO,AÑO,VERSION,SKU,MODELO,AÑO,VERSION,SKU,MODELO,
,RANGER,2000 -,DIESEL,1845802 / 410136,V-13 PL INV / FH-1215 PRO,2000 +,DIESEL,1845802 / 410136,V-13 PL INV / FH-1215 PRO,2006 +,DIESEL,1845802 / 410136,V-13 PL INV / FH-1215 PRO,
,"BRONCO, II",2000 -,DIESEL,1845802/ 410136,V-13 PL  INV/ FH-1215 PRO,2000 +,DIESEL,1845802/ 410136,V-13 PL  INV/ FH-1215 PRO,2006 +,DIESEL,1845802/ 410136,V-13 PL  INV/ FH-1215 PRO,
,ECOSPORT,2000 -,GASOLINA,1898213 / 1898221,W-11 AD / W-13 AD,2000 +,GASOLINA,1898213 / 1898221,W-11 AD / W-13 AD,2006 +,GASOLINA,1898213 / 1898221,W-11 AD / W-13 AD,
,ESCORT,2000 -,GASOLINA,1898213 / 1898222,W-11 AD / W-13 AD,2000 +,GASOLINA,1898213 / 1898222,W-11 AD / W-13 AD,2006 +,GASOLINA,1898213 / 1898222,W-11 AD / W-13 AD,
,"F150,250,350,800, 8000, 6000, D500,LTI9000",2000 -,GASOLINA,1898221 / 1845802,W-13 AD / S-1215 PL,2000 +,GASOLINA,1898221 / 1845802,W-13 AD / S-1215 PL,2006 +,GASOLINA,1898221 / 1845802,W-13 AD / S-1215 PL,
,"FIESTA, FESTIVA,",2000 -,DIESEL,512338 / 410136,V13Z INV PRO/FH1215 PRO,,DIESEL,512338 / 410136,V13Z INV PRO/FH1215 PRO,,DIESEL,512338 / 410136,V13Z INV PRO/FH1215 PRO,
,"FESTIVA, FIESTA, KA,  GRADADA, ORION",2000 -,GASOLINA,1898213 / 1898221,W-11 AD / W-13 AD,2000 +,GASOLINA,1898213 / 1898221,W-11 AD / W-13 AD,2006 +,GASOLINA,1898213 / 1898221,W-11 AD / W-13 AD,
,RANGER /TAURUS ,2000 -,DIESEL,1845802/ 512303 / 410136,S-1215 PL / S-1215 PRO / FH1215 PRO,2000 +,DIESEL,1845802/ 512303 / 410136,S-1215 PL / S-1215 PRO / FH1215 PRO,2006 +,DIESEL,1845802/ 512303 / 410136,S-1215 PL / S-1215 PRO / FH1215 PRO,
,CONTOUR/MONDEO,2000 -,DIESEL,1845802/ 512303 / 410136,S-1215 PL / S-1215 PRO / FH1215 PRO,2000 +,DIESEL,1845802/ 512303 / 410136,S-1215 PL / S-1215 PRO / FH1215 PRO,2006 +,DIESEL,1845802/ 512303 / 410136,S-1215 PL / S-1215 PRO / FH1215 PRO,
,EXPEDITION,2000 -,GASOLINA,1845802/ 512303 ,S-1215 PL / S-1215 PRO ,2000 +,GASOLINA,1845802/ 512303 ,S-1215 PL / S-1215 PRO ,2006 +,GASOLINA,1845802/ 512303 ,S-1215 PL / S-1215 PRO ,
,EXPLORER/RANGER 3.0/4.0,2000 -,GASOLINA,1845802/ 512303 ,S-1215 PL / S-1215 PRO ,2000 +,GASOLINA,1845802/ 512303 ,S-1215 PL / S-1215 PRO ,2006 +,GASOLINA,1845802/ 512303 ,S-1215 PL / S-1215 PRO ,
,MERCURY,2000 -,GASOLINA,1845802/ 512303 ,S-1215 PL / S-1215 PRO ,2000 +,GASOLINA,1845802/ 512303 ,S-1215 PL / S-1215 PRO ,2006 +,GASOLINA,1845802/ 512303 ,S-1215 PL / S-1215 PRO ,
,,2000 -,,,,2000 +,,,,2006 +,,,,
ISUZU,MODELO DE VEHICULO,AÑO,VERSION,SKU,MODELO,AÑO,VERSION,SKU,MODELO,AÑO,VERSION,SKU,MODELO,
,"AMIGO,  AXIOM,  FARGO",2000 -,DIESEL,222291 / 222364,V-13 PRO / FH-1215 INV PRO,2000 +,DIESEL,222291 / 222364,V-13 PRO / FH-1215 INV PRO,2006 +,DIESEL,222291 / 222364,V-13 PRO / FH-1215 INV PRO,
,GEMINI,2000 -,DIESEL,1845772/ 512311,FF-11  A/D PL / FF- 11 PRO,2000 +,DIESEL,1845772/ 512311,FF-11  A/D PL / FF- 11 PRO,2006 +,DIESEL,1845772/ 512311,FF-11  A/D PL / FF- 11 PRO,
,IMPULSE,2000 -,DIESEL,222305 / 512338,W-13 PRO / V-13 INV PRO,2000 +,DIESEL,222305 / 512338,W-13 PRO / V-13 INV PRO,2006 +,DIESEL,222305 / 512338,W-13 PRO / V-13 INV PRO,
,JOURNEY,2000 -,DIESEL,410136 / 222364,FH-1215 PRO / FH-1215 INV,2000 +,DIESEL,410136 / 222364,FH-1215 PRO / FH-1215 INV,2006 +,DIESEL,410136 / 222364,FH-1215 PRO / FH-1215 INV,
,OASIS,2000 -,DIESEL,222291 / 222364,V-13 PRO / FH-1215 INV PRO,2000 +,DIESEL,222291 / 222364,V-13 PRO / FH-1215 INV PRO,2006 +,DIESEL,222291 / 222364,V-13 PRO / FH-1215 INV PRO,
,RODEO,2000 -,DIESEL,512338 / 410136,V-13 INV PRO / FH-1215 PRO,2000 +,DIESEL,512338 / 410136,V-13 INV PRO / FH-1215 PRO,2006 +,DIESEL,512338 / 410136,V-13 INV PRO / FH-1215 PRO,
,TROPER,2000 -,DIESEL,222291 / 222364,V-13 PRO / FH-1215 INV PRO,2000 +,DIESEL,222291 / 222364,V-13 PRO / FH-1215 INV PRO,2006 +,DIESEL,222291 / 222364,V-13 PRO / FH-1215 INV PRO,
,,2000 -,,,,2000 +,,,,2006 +,,,,
CITROEN,MODELO DE VEHICULO,AÑO,VERSION,SKU,MODELO,AÑO,VERSION,SKU,MODELO,AÑO,VERSION,SKU,MODELO,
,AMI 8,2000 -,GASOLINA,1898213 / 1898221,W-11 AD / W-13 AD,2000 +,GASOLINA,1898213 / 1898221,W-11 AD / W-13 AD,2006 +,GASOLINA,1898213 / 1898221,W-11 AD / W-13 AD,
,AX ALLURE,2000 -,GASOLINA,1898213 / 1898222,W- 11 AD /W-13 AD,2000 +,GASOLINA,1898213 / 1898222,W- 11 AD /W-13 AD,2006 +,GASOLINA,1898213 / 1898222,W- 11 AD /W-13 AD,
,C15 DIESEL,2000 -,DIESEL,512303 / 410136,S-1215 PRO / FH-1215 PRO,2000 +,DIESEL,512303 / 410136,S-1215 PRO / FH-1215 PRO,2006 +,DIESEL,512303 / 410136,S-1215 PRO / FH-1215 PRO,
,XANTIA (SX-ACTIVAS),2000 -,GASOLINA,1898221 / 1845802,W-13 AD / S-1215 PL,2000 +,GASOLINA,1898221 / 1845802,W-13 AD / S-1215 PL,2006 +,GASOLINA,1898221 / 1845802,W-13 AD / S-1215 PL,
,XM - V16 - BX - GTI,2000 -,GASOLINA,1898221 / 1845802,W-13 AD / S-1215 PL,2000 +,GASOLINA,1898221 / 1845802,W-13 AD / S-1215 PL,2006 +,GASOLINA,1898221 / 1845802,W-13 AD / S-1215 PL,
,XSARA SX 16V,2000 -,GASOLINA,1898221 / 1845802,W-13 AD / S-1215 PL,2000 +,GASOLINA,1898221 / 1845802,W-13 AD / S-1215 PL,2006 +,GASOLINA,1898221 / 1845802,W-13 AD / S-1215 PL,
,"ZX - XANTIA BREAK, ZX DIESEL",2000 -,DIESEL,1898221 / 1845802,W-13 AD / S-1215 PL,2000 +,DIESEL,1898221 / 1845802,W-13 AD / S-1215 PL,2006 +,DIESEL,1898221 / 1845802,W-13 AD / S-1215 PL,
,AX DIESEL,2000 -,DIESEL,1845802,S-1215 PL ,2000 +,DIESEL,1845802,S-1215 PL ,2006 +,DIESEL,1845802,S-1215 PL ,
,BERLINGO,2000 -,GASOLINA,1898221 / 1845805,W-13 AD / S-1215 PL,2000 +,GASOLINA,1898221 / 1845805,W-13 AD / S-1215 PL,2006 +,GASOLINA,1898221 / 1845805,W-13 AD / S-1215 PL,
,C3,2000 -,GASOLINA,1898221 / 1845805,W-13 AD / S-1215 PL,2000 +,GASOLINA,1898221 / 1845805,W-13 AD / S-1215 PL,2006 +,GASOLINA,1898221 / 1845805,W-13 AD / S-1215 PL,
,"C4 HDI,",2000 -,GASOLINA,1898221 / 1845805,W-13 AD / S-1215 PL,2000 +,GASOLINA,1898221 / 1845805,W-13 AD / S-1215 PL,2006 +,GASOLINA,1898221 / 1845805,W-13 AD / S-1215 PL,
,SAXO SX1.4 - VTR1.6,2000 -,GASOLINA,1898221 / 1845805,W-13 AD / S-1215 PL,2000 +,GASOLINA,1898221 / 1845805,W-13 AD / S-1215 PL,2006 +,GASOLINA,1898221 / 1845805,W-13 AD / S-1215 PL,
,SAXO VTS 16V,2000 -,GASOLINA,1898221 / 1845805,W-13 AD / S-1215 PL,2000 +,GASOLINA,1898221 / 1845805,W-13 AD / S-1215 PL,2006 +,GASOLINA,1898221 / 1845805,W-13 AD / S-1215 PL,
,JUNPER 2.5 DIESEL,2000 -,DIESEL,1845805,S1215 PL,2000 +,DIESEL,1845805,S1215 PL,2006 +,DIESEL,1845805,S1215 PL,
,,2000 -,,,,2000 +,,,,2006 +,,,,
FAW,MODELO DE VEHICULO,AÑO,VERSION,SKU,MODELO,AÑO,VERSION,SKU,MODELO,AÑO,VERSION,SKU,MODELO,
,F1,2000 -,GASOLINA,1845772 / 1898205,FF-11 PL / FF-11 PD AD,2000 +,GASOLINA,1845772 / 1898205,FF-11 PL / FF-11 PD AD,2006 +,GASOLINA,1845772 / 1898205,FF-11 PL / FF-11 PD AD,
,"F4,  F5",2000 -,GASOLINA,222275 / 1898205,HL - 11  PRO / FF- 11 PD AD,2000 +,GASOLINA,222275 / 1898205,HL - 11  PRO / FF- 11 PD AD,2006 +,GASOLINA,222275 / 1898205,HL - 11  PRO / FF- 11 PD AD,
,,2000 -,,,,2000 +,,,,2006 +,,,,
PORSCHE,MODELO DE VEHICULO,AÑO,VERSION,SKU,MODELO,AÑO,VERSION,SKU,MODELO,AÑO,VERSION,SKU,MODELO,
,911,2000 -,GASOLINA,1898221 / 1845802,W-13 AD / S-1215 PL,2000 +,GASOLINA,1898221 / 1845802,W-13 AD / S-1215 PL,2006 +,GASOLINA,1898221 / 1845802,W-13 AD / S-1215 PL,
,928,2000 -,GASOLINA,1898221 / 1845802,W-13 AD / S-1215 PL,2000 +,GASOLINA,1898221 / 1845802,W-13 AD / S-1215 PL,2006 +,GASOLINA,1898221 / 1845802,W-13 AD / S-1215 PL,
,968,2000 -,GASOLINA,1898221 / 1845802,W-13 AD / S-1215 PL,2000 +,GASOLINA,1898221 / 1845802,W-13 AD / S-1215 PL,2006 +,GASOLINA,1898221 / 1845802,W-13 AD / S-1215 PL,
,CARRERA,2000 -,GASOLINA,1898221 / 1845802,W-13 AD / S-1215 PL,2000 +,GASOLINA,1898221 / 1845802,W-13 AD / S-1215 PL,2006 +,GASOLINA,1898221 / 1845802,W-13 AD / S-1215 PL,
,CAYENNE,2000 -,GASOLINA,1845802 / 512303,S-1215 PL / S-1215 PRO,2000 +,GASOLINA,1845802 / 512303,S-1215 PL / S-1215 PRO,2006 +,GASOLINA,1845802 / 512303,S-1215 PL / S-1215 PRO,
,PANAMERA,2000 -,GASOLINA,1845802 / 512303,S-1215 PL / S-1215 PRO,2000 +,GASOLINA,1845802 / 512303,S-1215 PL / S-1215 PRO,2006 +,GASOLINA,1845802 / 512303,S-1215 PL / S-1215 PRO,
,,2000 -,,,,2000 +,,,,2006 +,,,,
LADA,MODELO DE VEHICULO,AÑO,VERSION,SKU,MODELO,AÑO,VERSION,SKU,MODELO,AÑO,VERSION,SKU,MODELO,
,NIVA,2000 -,GASOLINA,1845799 / 1845802,W-13 PL / S-1215 PL,2000 +,GASOLINA,1845799 / 1845802,W-13 PL / S-1215 PL,2006 +,GASOLINA,1845799 / 1845802,W-13 PL / S-1215 PL,
,NIVA DIESEL,2000 -,DIESEL,512338 / 40136,V-13 INV PRO / FH-1215 PRO,2000 +,DIESEL,512338 / 40136,V-13 INV PRO / FH-1215 PRO,2006 +,DIESEL,512338 / 40136,V-13 INV PRO / FH-1215 PRO,
,SAMARA,2000 -,GASOLINA,1845799 / 512338,W-13 PL / S-1215 PRO,2000 +,GASOLINA,1845799 / 512338,W-13 PL / S-1215 PRO,2006 +,GASOLINA,1845799 / 512338,W-13 PL / S-1215 PRO,
,,2000 -,,,,2000 +,,,,2006 +,,,,
RENAUL,MODELO DE VEHICULO,AÑO,VERSION,SKU,MODELO,AÑO,VERSION,SKU,MODELO,AÑO,VERSION,SKU,MODELO,
,CLIO,2000 -,GASOLINA,1898213 / 1845799,W-11 AD / W-13 PL,2000 +,GASOLINA,1898213 / 1845799,W-11 AD / W-13 PL,2006 +,GASOLINA,1898213 / 1845799,W-11 AD / W-13 PL,
,LOGAN,2000 -,GASOLINA,222305 / 1898221 / 1845802,W13Z PRO / AD / S1215 PL,2000 +,GASOLINA,222305 / 1898221 / 1845802,W13Z PRO / AD / S1215 PL,2006 +,GASOLINA,222305 / 1898221 / 1845802,W13Z PRO / AD / S1215 PL,
,LAGUNA,2000 -,GASOLINA,1898221  / 1845802,W-13 AD / S-1215 PL,2000 +,GASOLINA,1898221  / 1845802,W-13 AD / S-1215 PL,2006 +,GASOLINA,1898221  / 1845802,W-13 AD / S-1215 PL,
,MEGANE,2000 -,GASOLINA,1898221  / 1845802,W-13 AD / S-1215 PL,2000 +,GASOLINA,1898221  / 1845802,W-13 AD / S-1215 PL,2006 +,GASOLINA,1898221  / 1845802,W-13 AD / S-1215 PL,
,FLUENCE,2000 -,GASOLINA,1898221  / 1845802,W-13 AD / S-1215 PL,2000 +,GASOLINA,1898221  / 1845802,W-13 AD / S-1215 PL,2006 +,GASOLINA,1898221  / 1845802,W-13 AD / S-1215 PL,
,DUSTER,2000 -,GASOLINA,189823X / 512338,SD 13 AD / V13 INV PRO,2000 +,GASOLINA,189823X / 512338,SD 13 AD / V13 INV PRO,2006 +,GASOLINA,189823X / 512338,SD 13 AD / V13 INV PRO,
,KOLEOS,2000 -,GASOLINA,189823X / 512338,SD 13 AD / V13 INV PRO,2000 +,GASOLINA,189823X / 512338,SD 13 AD / V13 INV PRO,2006 +,GASOLINA,189823X / 512338,SD 13 AD / V13 INV PRO,
,SCENIC,2000 -,GASOLINA,1898221  / 1845802,W-13 AD / S-1215 PL,2000 +,GASOLINA,1898221  / 1845802,W-13 AD / S-1215 PL,2006 +,GASOLINA,1898221  / 1845802,W-13 AD / S-1215 PL,
,,2000 -,,,,2000 +,,,,2006 +,,,,
,MODELO DE VEHICULO,AÑO,VERSION,SKU,MODELO,AÑO,VERSION,SKU,MODELO,AÑO,VERSION,SKU,MODELO,
,PARATI,2000 -,GASOLINA,222305 / 1898221 / 512303 / 1845802,W-13 PRO / AD / S-1215  PRO / PL,2000 +,GASOLINA,222305 / 1898221 / 512303 / 1845802,W-13 PRO / AD / S-1215  PRO / PL,2006 +,GASOLINA,222305 / 1898221 / 512303 / 1845802,W-13 PRO / AD / S-1215  PRO / PL,
,BEETLE,2000 -,GASOLINA,222305 / 1898221 / 512303 / 1845802,W-13 PRO / AD / S-1215  PRO / PL,2000 +,GASOLINA,222305 / 1898221 / 512303 / 1845802,W-13 PRO / AD / S-1215  PRO / PL,2006 +,GASOLINA,222305 / 1898221 / 512303 / 1845802,W-13 PRO / AD / S-1215  PRO / PL,
,BORA,2000 -,GASOLINA,222305 / 1898221 / 512303 / 1845802,W-13 PRO / AD / S-1215  PRO / PL,2000 +,GASOLINA,222305 / 1898221 / 512303 / 1845802,W-13 PRO / AD / S-1215  PRO / PL,2006 +,GASOLINA,222305 / 1898221 / 512303 / 1845802,W-13 PRO / AD / S-1215  PRO / PL,
,CADDY,2000 -,GASOLINA,222305 / 1898221 / 512303 / 1845802,W-13 PRO / AD / S-1215  PRO / PL,2000 +,GASOLINA,222305 / 1898221 / 512303 / 1845802,W-13 PRO / AD / S-1215  PRO / PL,2006 +,GASOLINA,222305 / 1898221 / 512303 / 1845802,W-13 PRO / AD / S-1215  PRO / PL,
,CROSSOVER,2000 -,GASOLINA,222305 / 1898221 / 512303 / 1845802,W-13 PRO / AD / S-1215  PRO / PL,2000 +,GASOLINA,222305 / 1898221 / 512303 / 1845802,W-13 PRO / AD / S-1215  PRO / PL,2006 +,GASOLINA,222305 / 1898221 / 512303 / 1845802,W-13 PRO / AD / S-1215  PRO / PL,
,CROSSFOX,2000 -,GASOLINA,222305 / 1898221 / 512303 / 1845802,W-13 PRO / AD / S-1215  PRO / PL,2000 +,GASOLINA,222305 / 1898221 / 512303 / 1845802,W-13 PRO / AD / S-1215  PRO / PL,2006 +,GASOLINA,222305 / 1898221 / 512303 / 1845802,W-13 PRO / AD / S-1215  PRO / PL,
,GOL,2000 -,GASOLINA,222305 / 1898221 / 512303 / 1845802,W-13 PRO / AD / S-1215  PRO / PL,2000 +,GASOLINA,222305 / 1898221 / 512303 / 1845802,W-13 PRO / AD / S-1215  PRO / PL,2006 +,GASOLINA,222305 / 1898221 / 512303 / 1845802,W-13 PRO / AD / S-1215  PRO / PL,
,GOLF,2000 -,GASOLINA,222305 / 1898221 / 512303 / 1845802,W-13 PRO / AD / S-1215  PRO / PL,2000 +,GASOLINA,222305 / 1898221 / 512303 / 1845802,W-13 PRO / AD / S-1215  PRO / PL,2006 +,GASOLINA,222305 / 1898221 / 512303 / 1845802,W-13 PRO / AD / S-1215  PRO / PL,
,JETTA,2000 -,GASOLINA,222305 / 1898221 / 512303 / 1845802,W-13 PRO / AD / S-1215  PRO / PL,2000 +,GASOLINA,222305 / 1898221 / 512303 / 1845802,W-13 PRO / AD / S-1215  PRO / PL,2006 +,GASOLINA,222305 / 1898221 / 512303 / 1845802,W-13 PRO / AD / S-1215  PRO / PL,
,KOMBI,2000 -,GASOLINA,222305 / 1898221 / 512303 / 1845802,W-13 PRO / AD / S-1215  PRO / PL,2000 +,GASOLINA,222305 / 1898221 / 512303 / 1845802,W-13 PRO / AD / S-1215  PRO / PL,2006 +,GASOLINA,222305 / 1898221 / 512303 / 1845802,W-13 PRO / AD / S-1215  PRO / PL,
,POLO,2000 -,GASOLINA,222305 / 1898221 / 512303 / 1845802,W-13 PRO / AD / S-1215  PRO / PL,2000 +,GASOLINA,222305 / 1898221 / 512303 / 1845802,W-13 PRO / AD / S-1215  PRO / PL,2006 +,GASOLINA,222305 / 1898221 / 512303 / 1845802,W-13 PRO / AD / S-1215  PRO / PL,
,QUANTUM,2000 -,GASOLINA,222305 / 1898221 / 512303 / 1845802,W-13 PRO / AD / S-1215  PRO / PL,2000 +,GASOLINA,222305 / 1898221 / 512303 / 1845802,W-13 PRO / AD / S-1215  PRO / PL,2006 +,GASOLINA,222305 / 1898221 / 512303 / 1845802,W-13 PRO / AD / S-1215  PRO / PL,
,TOUAREG,2000 -,GASOLINA,222305 / 1898221 / 512303 / 1845802,W-13 PRO / AD / S-1215  PRO / PL,2000 +,GASOLINA,222305 / 1898221 / 512303 / 1845802,W-13 PRO / AD / S-1215  PRO / PL,2006 +,GASOLINA,222305 / 1898221 / 512303 / 1845802,W-13 PRO / AD / S-1215  PRO / PL,
,SEDAN,2000 -,GASOLINA,222305 / 1898221 / 512303 / 1845802,W-13 PRO / AD / S-1215  PRO / PL,2000 +,GASOLINA,222305 / 1898221 / 512303 / 1845802,W-13 PRO / AD / S-1215  PRO / PL,2006 +,GASOLINA,222305 / 1898221 / 512303 / 1845802,W-13 PRO / AD / S-1215  PRO / PL,
,TIGUAN,2000 -,GASOLINA,222305 / 1898221 / 512303 / 1845802,W-13 PRO / AD / S-1215  PRO / PL,2000 +,GASOLINA,222305 / 1898221 / 512303 / 1845802,W-13 PRO / AD / S-1215  PRO / PL,2006 +,GASOLINA,222305 / 1898221 / 512303 / 1845802,W-13 PRO / AD / S-1215  PRO / PL,
,VANAGON,2000 -,GASOLINA,222305 / 1898221 / 512303 / 1845802,W-13 PRO / AD / S-1215  PRO / PL,2000 +,GASOLINA,222305 / 1898221 / 512303 / 1845802,W-13 PRO / AD / S-1215  PRO / PL,2006 +,GASOLINA,222305 / 1898221 / 512303 / 1845802,W-13 PRO / AD / S-1215  PRO / PL,
,VENTO,2000 -,GASOLINA,222305 / 1898221 / 512303 / 1845802,W-13 PRO / AD / S-1215  PRO / PL,2000 +,GASOLINA,222305 / 1898221 / 512303 / 1845802,W-13 PRO / AD / S-1215  PRO / PL,2006 +,GASOLINA,222305 / 1898221 / 512303 / 1845802,W-13 PRO / AD / S-1215  PRO / PL,
,ESCARABAJO,2000 -,GASOLINA,222305 / 1898221 / 512303 / 1845802,W-13 PRO / AD / S-1215  PRO / PL,2000 +,GASOLINA,222305 / 1898221 / 512303 / 1845802,W-13 PRO / AD / S-1215  PRO / PL,2006 +,GASOLINA,222305 / 1898221 / 512303 / 1845802,W-13 PRO / AD / S-1215  PRO / PL,
,AMAZON,2000 -,GASOLINA,222305 / 1898221 / 512303 / 1845802,W-13 PRO / AD / S-1215  PRO / PL,2000 +,GASOLINA,222305 / 1898221 / 512303 / 1845802,W-13 PRO / AD / S-1215  PRO / PL,2006 +,GASOLINA,222305 / 1898221 / 512303 / 1845802,W-13 PRO / AD / S-1215  PRO / PL,
,PASSAT,2000 -,GASOLINA,222305 / 1898221 / 512303 / 1845802,W-13 PRO / AD / S-1215  PRO / PL,2000 +,GASOLINA,222305 / 1898221 / 512303 / 1845802,W-13 PRO / AD / S-1215  PRO / PL,2006 +,GASOLINA,222305 / 1898221 / 512303 / 1845802,W-13 PRO / AD / S-1215  PRO / PL,
,CABRIO,2000 -,GASOLINA,222305 / 1898221 / 512303 / 1845802,W-13 PRO / AD / S-1215  PRO / PL,2000 +,GASOLINA,222305 / 1898221 / 512303 / 1845802,W-13 PRO / AD / S-1215  PRO / PL,2006 +,GASOLINA,222305 / 1898221 / 512303 / 1845802,W-13 PRO / AD / S-1215  PRO / PL,
,,2000 -,,,,2000 +,,,,2006 +,,,,
VOLVO,MODELO DE VEHICULO,AÑO,VERSION,SKU,MODELO,AÑO,VERSION,SKU,MODELO,AÑO,VERSION,SKU,MODELO,
,C30,2000 -,GASOLINA,1845802 / 1845799,S-1215 PL / W-13 PL,2000 +,GASOLINA,1845802 / 1845799,S-1215 PL / W-13 PL,2006 +,GASOLINA,1845802 / 1845799,S-1215 PL / W-13 PL,
,"S70,  S80, S90, C70",2000 -,GASOLINA,1845802 / 1845799,S-1215 PL / W-13 PL,2000 +,GASOLINA,1845802 / 1845799,S-1215 PL / W-13 PL,2006 +,GASOLINA,1845802 / 1845799,S-1215 PL / W-13 PL,
,"V40,  V50,  V70,  V90",2000 -,GASOLINA,1845802 / 1845799,S-1215 PL / W-13 PL,2000 +,GASOLINA,1845802 / 1845799,S-1215 PL / W-13 PL,2006 +,GASOLINA,1845802 / 1845799,S-1215 PL / W-13 PL,
,"XC60, XC70,  XC90",2000 -,GASOLINA,1845802 / 1845799,S-1215 PL / W-13 PL,2000 +,GASOLINA,1845802 / 1845799,S-1215 PL / W-13 PL,2006 +,GASOLINA,1845802 / 1845799,S-1215 PL / W-13 PL,
,S40,2000 -,GASOLINA,222305 / 512303,W-13 PRO / S-1215 PRO,2000 +,GASOLINA,222305 / 512303,W-13 PRO / S-1215 PRO,2006 +,GASOLINA,222305 / 512303,W-13 PRO / S-1215 PRO,
,"240, 740, 780, 850,  940",2000 -,GASOLINA,1898221 / 1845802,W-13 AD / S-1215 PL,2000 +,GASOLINA,1898221 / 1845802,W-13 AD / S-1215 PL,2006 +,GASOLINA,1898221 / 1845802,W-13 AD / S-1215 PL,
,S60,2000 -,GASOLINA,1845799 / 1845802,W-13 PL / S-1215 PL,2000 +,GASOLINA,1845799 / 1845802,W-13 PL / S-1215 PL,2006 +,GASOLINA,1845799 / 1845802,W-13 PL / S-1215 PL,
,,2000 -,,,,2000 +,,,,2006 +,,,,
SEAT,MODELO DE VEHICULO,AÑO,VERSION,SKU,MODELO,AÑO,VERSION,SKU,MODELO,AÑO,VERSION,SKU,MODELO,
,IBIZA,2000 -,GASOLINA,1898221/ 222305,W-11 AD / W-13 PRO,2000 +,GASOLINA,1898221/ 222305,W-11 AD / W-13 PRO,2006 +,GASOLINA,1898221/ 222305,W-11 AD / W-13 PRO,
,LEON FR,2000 -,GASOLINA,1845802 / 222305,S1215EM PL / W13 PRO,2000 +,GASOLINA,1845802 / 222305,S1215EM PL / W13 PRO,2006 +,GASOLINA,1845802 / 222305,S1215EM PL / W13 PRO,
,CUPRA,2000 -,GASOLINA,1845802 / 222305,S1215EM PL / W13 PRO,2000 +,GASOLINA,1845802 / 222305,S1215EM PL / W13 PRO,2006 +,GASOLINA,1845802 / 222305,S1215EM PL / W13 PRO,
,,2000 -,,,,2000 +,,,,2006 +,,,,
MAHINDRA,MODELO DE VEHICULO,AÑO,VERSION,SKU,MODELO,AÑO,VERSION,SKU,MODELO,AÑO,VERSION,SKU,MODELO,
,SCORPIO,2000 -,DIESEL,410136,FH-1215 PRO,2000 +,DIESEL,410136,FH-1215 PRO,2006 +,DIESEL,410136,FH-1215 PRO,
,,2000 -,,,,2000 +,,,,2006 +,,,,
SSANG YONG,MODELO DE VEHICULO,AÑO,VERSION,SKU,MODELO,AÑO,VERSION,SKU,MODELO,AÑO,VERSION,SKU,MODELO,
,ACTYON,2000 -,DIESEL,410136,FH-1215 PRO,2000 +,DIESEL,410136,FH-1215 PRO,2006 +,DIESEL,410136,FH-1215 PRO,
,KORANDO,2000 -,DIESEL,410136,FH-1215 PRO,2000 +,DIESEL,410136,FH-1215 PRO,2006 +,DIESEL,410136,FH-1215 PRO,
,KYRON,2000 -,DIESEL,410136,FH-1215 PRO,2000 +,DIESEL,410136,FH-1215 PRO,2006 +,DIESEL,410136,FH-1215 PRO,
,REXTON,2000 -,DIESEL,410136,FH-1215 PRO,2000 +,DIESEL,410136,FH-1215 PRO,2006 +,DIESEL,410136,FH-1215 PRO,
GREAT WALL,STAVIC,2000 -,DIESEL,410136,FH-1215 PRO,2000 +,,,,2006 +,,,,
,HAVAL,2000 -,GASOLINA,222305 / 512338,W13Z PRO / V13INV,,,,,,,,,
,HAVAL,2000 -,DIESEL,410136,FH1215 PRO,,,,,,,,,
,FLORID,2000 -,GASOLINA,222305 / 1898221 / 1845799,W13Z PRO / AD / PL,,,,,,,,,
,VOLEEX C10,2000 -,GASOLINA,222291 / 512338,V13Z IPRO / V13 INV,2000 +,,,,2006 +,,,,
,VOLEEX C30,2000 -,GASOLINA,222291 / 512338,V13Z IPRO / V13 INV,2000 +,,,,2006 +,,,,
,,,,,,,,,,,,,,
,,,,,,,,,,,,,,
,,,,,,,,,,,,,,s
,,,,,,,,,,,,,,
